data;total_acidentes;total_multas
2007-01-01;420;3793
2007-01-02;515;5309
2007-01-03;366;3706
2007-01-04;314;5888
2007-01-05;357;4334
2007-01-06;333;5133
2007-01-07;309;4544
2007-01-08;283;4904
2007-01-09;283;5793
2007-01-10;247;5495
2007-01-11;285;5356
2007-01-12;364;5095
2007-01-13;395;5624
2007-01-14;341;7794
2007-01-15;309;5322
2007-01-16;310;5339
2007-01-17;260;5782
2007-01-18;278;5855
2007-01-19;321;5380
2007-01-20;375;4602
2007-01-21;387;4736
2007-01-22;333;4910
2007-01-23;269;5409
2007-01-24;281;5664
2007-01-25;306;5288
2007-01-26;388;5608
2007-01-27;387;4695
2007-01-28;412;5126
2007-01-29;365;4480
2007-01-30;324;4454
2007-01-31;285;4694
2007-02-01;310;4468
2007-02-02;335;5522
2007-02-03;411;6102
2007-02-04;357;3949
2007-02-05;298;4604
2007-02-06;329;4512
2007-02-07;309;4765
2007-02-08;344;4569
2007-02-09;358;5256
2007-02-10;387;5211
2007-02-11;410;4099
2007-02-12;353;4738
2007-02-13;289;4770
2007-02-14;330;5680
2007-02-15;316;7141
2007-02-16;530;14759
2007-02-17;599;11828
2007-02-18;350;6604
2007-02-19;265;5992
2007-02-20;312;8153
2007-02-21;373;9963
2007-02-22;284;6141
2007-02-23;287;5352
2007-02-24;283;4515
2007-02-25;301;4313
2007-02-26;294;4442
2007-02-27;292;4496
2007-02-28;303;4730
2007-03-01;290;4650
2007-03-02;349;3926
2007-03-03;324;5155
2007-03-04;324;4444
2007-03-05;286;4490
2007-03-06;263;4759
2007-03-07;280;4962
2007-03-08;295;4630
2007-03-09;360;6129
2007-03-10;343;4539
2007-03-11;384;5346
2007-03-12;312;5005
2007-03-13;286;5248
2007-03-14;282;5471
2007-03-15;303;4956
2007-03-16;379;4638
2007-03-17;403;4069
2007-03-18;375;4275
2007-03-19;290;4104
2007-03-20;286;4923
2007-03-21;308;4807
2007-03-22;299;5534
2007-03-23;332;6074
2007-03-24;346;4640
2007-03-25;337;5441
2007-03-26;247;4718
2007-03-27;245;5937
2007-03-28;299;4493
2007-03-29;268;4931
2007-03-30;341;5454
2007-03-31;391;4454
2007-04-01;340;3988
2007-04-02;261;4971
2007-04-03;316;5353
2007-04-04;347;6885
2007-04-05;546;10594
2007-04-06;332;6283
2007-04-07;287;4351
2007-04-08;645;10388
2007-04-09;388;4602
2007-04-10;254;5038
2007-04-11;255;5543
2007-04-12;310;5575
2007-04-13;367;4818
2007-04-14;362;5069
2007-04-15;319;4678
2007-04-16;287;5040
2007-04-17;266;5338
2007-04-18;291;6826
2007-04-19;319;5200
2007-04-20;375;7554
2007-04-21;417;4351
2007-04-22;391;4408
2007-04-23;290;5851
2007-04-24;315;5169
2007-04-25;308;6548
2007-04-26;313;3809
2007-04-27;419;4028
2007-04-28;431;6479
2007-04-29;340;3383
2007-04-30;277;4593
2007-05-01;300;6151
2007-05-02;275;4650
2007-05-03;268;4822
2007-05-04;357;5298
2007-05-05;347;4015
2007-05-06;352;3953
2007-05-07;319;4787
2007-05-08;312;4541
2007-05-09;307;4462
2007-05-10;305;4711
2007-05-11;349;3605
2007-05-12;388;3517
2007-05-13;457;4700
2007-05-14;322;4326
2007-05-15;270;5853
2007-05-16;310;5362
2007-05-17;288;5695
2007-05-18;346;4902
2007-05-19;418;3535
2007-05-20;363;3807
2007-05-21;287;3596
2007-05-22;293;4695
2007-05-23;333;3409
2007-05-24;281;4479
2007-05-25;353;5293
2007-05-26;361;3541
2007-05-27;404;3472
2007-05-28;283;4497
2007-05-29;284;4108
2007-05-30;283;4737
2007-05-31;305;4594
2007-06-01;434;3303
2007-06-02;402;3791
2007-06-03;407;2912
2007-06-04;282;4090
2007-06-05;326;4122
2007-06-06;370;5363
2007-06-07;367;5774
2007-06-08;319;5725
2007-06-09;333;4755
2007-06-10;393;7450
2007-06-11;315;4154
2007-06-12;259;4610
2007-06-13;270;5961
2007-06-14;281;5700
2007-06-15;411;4660
2007-06-16;358;4058
2007-06-17;317;3563
2007-06-18;276;4792
2007-06-19;283;4378
2007-06-20;317;4137
2007-06-21;335;4019
2007-06-22;420;5115
2007-06-23;379;4362
2007-06-24;392;3802
2007-06-25;367;3522
2007-06-26;275;3894
2007-06-27;306;4565
2007-06-28;332;4138
2007-06-29;414;6163
2007-06-30;388;4001
2007-07-01;322;3326
2007-07-02;325;5518
2007-07-03;275;4998
2007-07-04;273;4865
2007-07-05;294;5357
2007-07-06;424;5788
2007-07-07;459;7164
2007-07-08;437;3963
2007-07-09;348;5798
2007-07-10;309;5505
2007-07-11;337;5453
2007-07-12;346;5246
2007-07-13;376;4874
2007-07-14;394;4001
2007-07-15;434;3583
2007-07-16;390;4252
2007-07-17;326;4744
2007-07-18;291;5003
2007-07-19;311;5391
2007-07-20;404;5833
2007-07-21;344;4169
2007-07-22;436;3664
2007-07-23;321;3327
2007-07-24;349;4273
2007-07-25;314;4392
2007-07-26;285;4317
2007-07-27;471;5462
2007-07-28;424;4018
2007-07-29;409;4620
2007-07-30;301;5307
2007-07-31;278;5359
2007-08-01;308;5335
2007-08-02;311;5375
2007-08-03;354;5988
2007-08-04;409;4693
2007-08-05;364;4398
2007-08-06;296;5137
2007-08-07;308;5137
2007-08-08;301;6140
2007-08-09;304;7063
2007-08-10;394;6013
2007-08-11;410;4232
2007-08-12;437;4494
2007-08-13;280;5871
2007-08-14;275;7098
2007-08-15;293;6117
2007-08-16;287;6839
2007-08-17;351;6247
2007-08-18;363;5336
2007-08-19;412;4547
2007-08-20;312;5636
2007-08-21;280;6213
2007-08-22;268;6085
2007-08-23;291;6481
2007-08-24;315;6593
2007-08-25;368;5067
2007-08-26;344;6414
2007-08-27;261;5230
2007-08-28;306;4937
2007-08-29;300;5221
2007-08-30;291;4594
2007-08-31;402;5106
2007-09-01;356;3213
2007-09-02;324;3429
2007-09-03;311;3403
2007-09-04;294;4895
2007-09-05;331;5484
2007-09-06;487;5383
2007-09-07;504;6588
2007-09-08;349;4280
2007-09-09;480;9730
2007-09-10;335;4768
2007-09-11;284;8434
2007-09-12;248;5449
2007-09-13;270;7106
2007-09-14;328;3775
2007-09-15;368;3310
2007-09-16;359;4233
2007-09-17;355;4641
2007-09-18;301;5306
2007-09-19;282;7829
2007-09-20;358;7943
2007-09-21;432;5351
2007-09-22;371;5160
2007-09-23;392;4409
2007-09-24;306;5556
2007-09-25;265;6159
2007-09-26;303;5898
2007-09-27;291;7272
2007-09-28;389;8099
2007-09-29;402;4578
2007-09-30;376;5384
2007-10-01;292;5052
2007-10-02;278;4354
2007-10-03;286;5097
2007-10-04;316;3764
2007-10-05;347;4011
2007-10-06;433;3807
2007-10-07;382;4837
2007-10-08;353;3621
2007-10-09;310;3833
2007-10-10;356;4147
2007-10-11;446;6006
2007-10-12;466;7132
2007-10-13;282;3955
2007-10-14;468;5771
2007-10-15;423;3335
2007-10-16;287;3688
2007-10-17;295;4726
2007-10-18;296;3388
2007-10-19;446;3259
2007-10-20;364;3854
2007-10-21;360;2878
2007-10-22;371;3465
2007-10-23;315;3504
2007-10-24;381;2589
2007-10-25;342;3062
2007-10-26;408;4248
2007-10-27;400;2719
2007-10-28;358;3315
2007-10-29;321;4707
2007-10-30;309;4021
2007-10-31;345;4398
2007-11-01;482;6709
2007-11-02;447;5420
2007-11-03;332;3017
2007-11-04;461;6640
2007-11-05;338;4841
2007-11-06;319;4021
2007-11-07;292;4485
2007-11-08;357;6270
2007-11-09;402;4725
2007-11-10;412;4556
2007-11-11;360;3407
2007-11-12;362;6074
2007-11-13;328;5061
2007-11-14;418;6296
2007-11-15;385;6918
2007-11-16;325;4404
2007-11-17;352;4769
2007-11-18;456;7218
2007-11-19;338;4508
2007-11-20;304;4889
2007-11-21;263;4950
2007-11-22;293;7009
2007-11-23;411;5798
2007-11-24;385;3498
2007-11-25;392;4122
2007-11-26;361;4400
2007-11-27;358;4170
2007-11-28;279;4413
2007-11-29;339;4200
2007-11-30;412;3904
2007-12-01;431;3617
2007-12-02;394;2885
2007-12-03;330;4681
2007-12-04;370;3937
2007-12-05;414;4600
2007-12-06;400;3789
2007-12-07;516;3481
2007-12-08;510;2939
2007-12-09;458;2951
2007-12-10;383;5028
2007-12-11;370;4111
2007-12-12;422;5201
2007-12-13;427;5916
2007-12-14;528;4295
2007-12-15;526;3659
2007-12-16;441;3734
2007-12-17;361;6261
2007-12-18;378;5305
2007-12-19;387;4766
2007-12-20;481;5572
2007-12-21;673;8114
2007-12-22;709;8835
2007-12-23;504;5761
2007-12-24;336;5889
2007-12-25;384;4661
2007-12-26;399;7073
2007-12-27;370;7086
2007-12-28;458;10407
2007-12-29;463;9737
2007-12-30;335;6208
2007-12-31;207;5761
2008-01-01;390;6797
2008-01-02;421;7762
2008-01-03;350;7270
2008-01-04;359;8067
2008-01-05;349;8028
2008-01-06;445;7902
2008-01-07;354;8657
2008-01-08;291;8338
2008-01-09;336;6601
2008-01-10;335;9933
2008-01-11;468;7872
2008-01-12;481;6755
2008-01-13;388;7107
2008-01-14;386;7009
2008-01-15;338;7966
2008-01-16;314;8568
2008-01-17;352;6516
2008-01-18;433;8777
2008-01-19;480;6902
2008-01-20;458;5232
2008-01-21;417;6795
2008-01-22;321;6154
2008-01-23;323;6018
2008-01-24;333;7140
2008-01-25;444;6841
2008-01-26;360;5929
2008-01-27;390;8020
2008-01-28;399;5065
2008-01-29;345;6277
2008-01-30;398;6959
2008-01-31;417;7764
2008-02-01;516;24618
2008-02-02;583;27245
2008-02-03;360;11910
2008-02-04;297;11392
2008-02-05;295;21529
2008-02-06;433;26807
2008-02-07;336;7360
2008-02-08;347;7527
2008-02-09;284;6691
2008-02-10;388;11196
2008-02-11;324;6635
2008-02-12;277;6170
2008-02-13;287;7726
2008-02-14;318;5826
2008-02-15;405;8188
2008-02-16;367;7861
2008-02-17;396;5313
2008-02-18;329;6627
2008-02-19;272;4479
2008-02-20;314;6356
2008-02-21;335;5758
2008-02-22;374;8050
2008-02-23;366;6247
2008-02-24;396;7369
2008-02-25;365;5324
2008-02-26;316;6136
2008-02-27;334;5443
2008-02-28;292;6346
2008-02-29;465;6156
2008-03-01;496;4619
2008-03-02;363;7411
2008-03-03;320;5602
2008-03-04;267;5333
2008-03-05;279;4863
2008-03-06;334;6613
2008-03-07;406;7561
2008-03-08;422;5283
2008-03-09;427;6259
2008-03-10;332;5723
2008-03-11;327;5155
2008-03-12;372;3970
2008-03-13;298;4612
2008-03-14;482;4740
2008-03-15;466;3696
2008-03-16;347;4898
2008-03-17;379;4146
2008-03-18;332;4957
2008-03-19;423;4062
2008-03-20;536;19365
2008-03-21;326;22406
2008-03-22;271;14920
2008-03-23;598;26775
2008-03-24;394;5237
2008-03-25;290;5878
2008-03-26;291;5799
2008-03-27;354;4646
2008-03-28;381;7022
2008-03-29;374;5026
2008-03-30;356;4395
2008-03-31;311;4855
2008-04-01;318;5213
2008-04-02;350;5667
2008-04-03;348;5902
2008-04-04;491;4978
2008-04-05;486;4318
2008-04-06;451;4886
2008-04-07;369;5927
2008-04-08;339;5227
2008-04-09;336;5428
2008-04-10;343;5310
2008-04-11;439;5446
2008-04-12;458;4611
2008-04-13;417;4664
2008-04-14;396;5123
2008-04-15;321;4919
2008-04-16;374;5919
2008-04-17;366;6222
2008-04-18;496;13989
2008-04-19;547;16215
2008-04-20;419;9776
2008-04-21;434;14854
2008-04-22;386;5822
2008-04-23;330;5029
2008-04-24;348;5172
2008-04-25;384;5888
2008-04-26;405;5410
2008-04-27;328;3609
2008-04-28;358;5648
2008-04-29;375;4894
2008-04-30;451;9617
2008-05-01;386;13114
2008-05-02;457;7465
2008-05-03;312;9955
2008-05-04;394;19932
2008-05-05;332;5687
2008-05-06;319;6126
2008-05-07;340;5143
2008-05-08;377;5486
2008-05-09;452;5651
2008-05-10;450;6208
2008-05-11;456;4945
2008-05-12;373;6292
2008-05-13;349;5337
2008-05-14;366;6142
2008-05-15;349;5810
2008-05-16;399;6328
2008-05-17;422;5316
2008-05-18;347;5850
2008-05-19;348;6287
2008-05-20;346;7708
2008-05-21;463;11615
2008-05-22;433;14634
2008-05-23;338;9434
2008-05-24;333;9439
2008-05-25;377;5255
2008-05-26;333;4039
2008-05-27;299;3152
2008-05-28;341;5433
2008-05-29;364;4070
2008-05-30;467;3943
2008-05-31;391;2210
2008-06-01;410;1668
2008-06-02;282;2649
2008-06-03;349;2890
2008-06-04;323;1706
2008-06-05;326;3468
2008-06-06;410;3451
2008-06-07;401;3995
2008-06-08;391;3154
2008-06-09;315;7104
2008-06-10;332;4424
2008-06-11;301;4247
2008-06-12;376;3503
2008-06-13;414;5017
2008-06-14;406;3110
2008-06-15;433;3553
2008-06-16;352;4227
2008-06-17;303;4116
2008-06-18;329;5611
2008-06-19;327;4945
2008-06-20;445;5685
2008-06-21;480;7560
2008-06-22;375;5274
2008-06-23;374;5260
2008-06-24;327;5749
2008-06-25;314;8427
2008-06-26;372;6887
2008-06-27;423;5016
2008-06-28;370;4867
2008-06-29;292;6953
2008-06-30;301;4611
2008-07-01;316;5003
2008-07-02;294;4818
2008-07-03;352;5204
2008-07-04;450;5937
2008-07-05;391;5160
2008-07-06;328;6866
2008-07-07;331;7071
2008-07-08;287;5627
2008-07-09;311;4711
2008-07-10;334;4723
2008-07-11;432;6850
2008-07-12;407;5470
2008-07-13;352;3769
2008-07-14;356;5022
2008-07-15;315;4050
2008-07-16;354;4990
2008-07-17;335;5850
2008-07-18;436;5888
2008-07-19;360;4298
2008-07-20;366;5355
2008-07-21;343;5824
2008-07-22;322;5485
2008-07-23;368;4708
2008-07-24;344;4940
2008-07-25;436;5388
2008-07-26;380;4322
2008-07-27;385;5052
2008-07-28;356;7016
2008-07-29;335;6137
2008-07-30;289;5542
2008-07-31;330;6843
2008-08-01;404;4970
2008-08-02;410;5088
2008-08-03;396;4869
2008-08-04;314;6606
2008-08-05;363;6371
2008-08-06;334;6872
2008-08-07;414;4911
2008-08-08;462;6602
2008-08-09;401;6415
2008-08-10;400;4843
2008-08-11;353;7191
2008-08-12;371;5595
2008-08-13;334;6235
2008-08-14;348;6872
2008-08-15;450;5667
2008-08-16;393;6727
2008-08-17;350;5398
2008-08-18;348;5719
2008-08-19;287;5111
2008-08-20;321;6527
2008-08-21;321;6680
2008-08-22;424;5273
2008-08-23;424;3292
2008-08-24;331;5699
2008-08-25;335;6521
2008-08-26;314;6657
2008-08-27;336;6392
2008-08-28;332;6761
2008-08-29;404;6276
2008-08-30;450;4337
2008-08-31;339;5459
2008-09-01;321;6777
2008-09-02;336;5620
2008-09-03;338;5882
2008-09-04;344;6397
2008-09-05;488;6939
2008-09-06;469;5315
2008-09-07;395;5895
2008-09-08;435;6288
2008-09-09;383;6531
2008-09-10;330;5002
2008-09-11;399;6416
2008-09-12;465;4951
2008-09-13;410;6140
2008-09-14;421;3460
2008-09-15;385;5878
2008-09-16;405;4945
2008-09-17;347;6894
2008-09-18;377;6386
2008-09-19;484;5461
2008-09-20;490;4724
2008-09-21;461;6418
2008-09-22;332;6775
2008-09-23;311;6120
2008-09-24;344;6237
2008-09-25;394;6182
2008-09-26;580;5275
2008-09-27;448;6125
2008-09-28;370;4803
2008-09-29;331;5601
2008-09-30;338;6145
2008-10-01;378;5309
2008-10-02;429;4963
2008-10-03;458;7651
2008-10-04;533;4331
2008-10-05;382;5146
2008-10-06;392;6081
2008-10-07;361;6692
2008-10-08;383;5756
2008-10-09;387;5698
2008-10-10;424;6509
2008-10-11;487;5171
2008-10-12;409;5425
2008-10-13;349;5717
2008-10-14;350;5103
2008-10-15;370;7061
2008-10-16;369;5599
2008-10-17;496;6437
2008-10-18;489;3724
2008-10-19;446;5474
2008-10-20;385;5971
2008-10-21;313;5708
2008-10-22;316;5568
2008-10-23;343;7349
2008-10-24;397;7694
2008-10-25;411;5372
2008-10-26;360;4841
2008-10-27;338;7071
2008-10-28;362;7726
2008-10-29;362;6653
2008-10-30;355;8927
2008-10-31;493;7786
2008-11-01;389;5184
2008-11-02;421;5401
2008-11-03;374;7740
2008-11-04;300;6777
2008-11-05;336;7071
2008-11-06;380;5895
2008-11-07;507;5844
2008-11-08;466;6501
2008-11-09;401;5561
2008-11-10;445;5391
2008-11-11;362;7355
2008-11-12;370;6378
2008-11-13;416;6367
2008-11-14;560;6103
2008-11-15;414;5395
2008-11-16;441;6877
2008-11-17;387;7071
2008-11-18;342;6132
2008-11-19;345;6300
2008-11-20;367;7489
2008-11-21;476;7886
2008-11-22;466;3871
2008-11-23;377;5685
2008-11-24;333;6884
2008-11-25;322;6119
2008-11-26;327;5329
2008-11-27;407;5586
2008-11-28;450;6134
2008-11-29;498;4417
2008-11-30;376;4222
2008-12-01;374;6720
2008-12-02;380;5963
2008-12-03;363;5605
2008-12-04;366;7483
2008-12-05;444;8021
2008-12-06;447;5585
2008-12-07;391;7171
2008-12-08;376;6742
2008-12-09;408;9389
2008-12-10;381;7040
2008-12-11;440;5966
2008-12-12;565;7541
2008-12-13;506;5267
2008-12-14;447;7385
2008-12-15;541;7647
2008-12-16;475;5894
2008-12-17;435;6165
2008-12-18;446;7095
2008-12-19;549;9586
2008-12-20;616;6963
2008-12-21;493;8276
2008-12-22;479;8300
2008-12-23;565;14197
2008-12-24;632;13059
2008-12-25;406;5065
2008-12-26;466;10568
2008-12-27;423;7857
2008-12-28;430;11685
2008-12-29;324;12404
2008-12-30;398;11852
2008-12-31;472;11442
2009-01-01;316;3756
2009-01-02;448;8689
2009-01-03;515;7106
2009-01-04;519;12934
2009-01-05;440;7665
2009-01-06;310;9055
2009-01-07;302;10910
2009-01-08;313;7750
2009-01-09;433;9551
2009-01-10;433;8051
2009-01-11;407;7703
2009-01-12;396;9840
2009-01-13;345;7452
2009-01-14;344;12269
2009-01-15;371;8319
2009-01-16;501;8620
2009-01-17;433;6435
2009-01-18;427;10436
2009-01-19;393;7093
2009-01-20;387;9334
2009-01-21;403;7622
2009-01-22;364;9178
2009-01-23;411;8908
2009-01-24;373;7106
2009-01-25;401;7165
2009-01-26;446;7728
2009-01-27;354;7517
2009-01-28;386;6728
2009-01-29;342;7943
2009-01-30;429;10426
2009-01-31;381;5618
2009-02-01;401;5266
2009-02-02;382;8319
2009-02-03;388;6292
2009-02-04;322;8714
2009-02-05;372;6329
2009-02-06;433;8471
2009-02-07;434;7986
2009-02-08;448;8224
2009-02-09;374;9649
2009-02-10;393;9083
2009-02-11;377;6916
2009-02-12;388;8752
2009-02-13;482;9052
2009-02-14;459;6234
2009-02-15;372;5888
2009-02-16;432;9176
2009-02-17;343;8549
2009-02-18;315;9557
2009-02-19;425;11300
2009-02-20;648;23774
2009-02-21;765;22031
2009-02-22;413;13440
2009-02-23;319;14015
2009-02-24;401;20442
2009-02-25;460;20718
2009-02-26;361;8377
2009-02-27;368;10737
2009-02-28;327;6288
2009-03-01;320;5618
2009-03-02;346;5906
2009-03-03;308;9186
2009-03-04;356;8349
2009-03-05;339;8968
2009-03-06;458;9201
2009-03-07;434;7993
2009-03-08;418;6362
2009-03-09;391;10413
2009-03-10;368;8827
2009-03-11;337;6676
2009-03-12;303;7518
2009-03-13;462;9512
2009-03-14;373;7862
2009-03-15;438;6448
2009-03-16;396;8237
2009-03-17;389;7364
2009-03-18;347;7521
2009-03-19;328;6930
2009-03-20;372;7666
2009-03-21;408;6876
2009-03-22;407;6955
2009-03-23;380;8636
2009-03-24;375;7118
2009-03-25;357;6343
2009-03-26;375;9127
2009-03-27;452;7952
2009-03-28;488;6187
2009-03-29;390;3643
2009-03-30;348;7856
2009-03-31;393;7401
2009-04-01;334;8238
2009-04-02;400;7573
2009-04-03;449;9964
2009-04-04;432;8589
2009-04-05;394;7796
2009-04-06;428;7752
2009-04-07;370;8743
2009-04-08;484;8923
2009-04-09;605;15385
2009-04-10;384;19328
2009-04-11;316;10757
2009-04-12;638;16159
2009-04-13;464;7283
2009-04-14;351;9173
2009-04-15;355;9395
2009-04-16;333;8095
2009-04-17;454;12174
2009-04-18;411;14426
2009-04-19;326;10089
2009-04-20;353;11125
2009-04-21;399;17057
2009-04-22;479;6702
2009-04-23;337;8959
2009-04-24;406;9081
2009-04-25;308;9467
2009-04-26;286;8115
2009-04-27;343;11481
2009-04-28;316;10862
2009-04-29;360;7812
2009-04-30;499;11620
2009-05-01;611;16015
2009-05-02;349;11497
2009-05-03;407;17098
2009-05-04;364;8617
2009-05-05;349;8260
2009-05-06;348;9606
2009-05-07;374;9481
2009-05-08;536;9658
2009-05-09;466;9282
2009-05-10;448;9506
2009-05-11;407;9574
2009-05-12;350;9305
2009-05-13;338;8931
2009-05-14;395;7156
2009-05-15;514;11102
2009-05-16;403;10393
2009-05-17;366;11250
2009-05-18;355;9342
2009-05-19;347;10298
2009-05-20;368;10194
2009-05-21;391;7982
2009-05-22;506;9591
2009-05-23;410;11145
2009-05-24;406;8052
2009-05-25;487;9085
2009-05-26;399;7686
2009-05-27;379;9217
2009-05-28;402;8230
2009-05-29;470;8280
2009-05-30;477;7475
2009-05-31;460;7659
2009-06-01;418;6653
2009-06-02;358;10226
2009-06-03;396;8558
2009-06-04;406;8658
2009-06-05;509;9434
2009-06-06;483;8297
2009-06-07;415;6669
2009-06-08;404;10598
2009-06-09;398;7172
2009-06-10;554;10331
2009-06-11;459;15159
2009-06-12;466;11307
2009-06-13;412;9514
2009-06-14;458;11366
2009-06-15;411;7056
2009-06-16;449;7155
2009-06-17;374;7785
2009-06-18;345;8937
2009-06-19;483;8533
2009-06-20;452;9395
2009-06-21;368;7836
2009-06-22;400;7877
2009-06-23;374;9281
2009-06-24;379;8000
2009-06-25;471;5332
2009-06-26;539;8564
2009-06-27;476;8734
2009-06-28;388;7224
2009-06-29;383;7476
2009-06-30;377;7680
2009-07-01;356;6745
2009-07-02;366;8331
2009-07-03;525;8254
2009-07-04;492;5710
2009-07-05;463;5638
2009-07-06;420;7472
2009-07-07;409;7065
2009-07-08;370;7781
2009-07-09;471;7865
2009-07-10;592;8265
2009-07-11;533;7212
2009-07-12;460;7880
2009-07-13;377;7601
2009-07-14;360;7686
2009-07-15;418;7475
2009-07-16;425;6462
2009-07-17;508;8643
2009-07-18;488;8376
2009-07-19;453;8216
2009-07-20;402;7393
2009-07-21;360;7636
2009-07-22;397;7424
2009-07-23;435;7764
2009-07-24;565;8640
2009-07-25;513;8863
2009-07-26;441;7465
2009-07-27;413;8647
2009-07-28;400;7430
2009-07-29;388;7309
2009-07-30;389;7492
2009-07-31;459;6330
2009-08-01;461;6696
2009-08-02;417;6304
2009-08-03;344;6851
2009-08-04;347;7223
2009-08-05;368;8102
2009-08-06;406;7790
2009-08-07;478;7905
2009-08-08;464;7929
2009-08-09;490;5329
2009-08-10;358;5891
2009-08-11;402;8494
2009-08-12;345;7414
2009-08-13;415;7528
2009-08-14;452;7177
2009-08-15;471;6532
2009-08-16;418;5448
2009-08-17;441;6552
2009-08-18;414;5407
2009-08-19;412;6221
2009-08-20;453;6302
2009-08-21;464;6437
2009-08-22;437;6723
2009-08-23;450;6558
2009-08-24;445;6468
2009-08-25;411;6306
2009-08-26;411;6854
2009-08-27;426;6764
2009-08-28;443;6185
2009-08-29;400;4813
2009-08-30;390;4370
2009-08-31;371;5990
2009-09-01;352;6206
2009-09-02;413;5991
2009-09-03;462;5541
2009-09-04;677;9558
2009-09-05;679;9470
2009-09-06;530;5930
2009-09-07;626;9984
2009-09-08;535;5979
2009-09-09;429;5775
2009-09-10;356;5310
2009-09-11;478;7309
2009-09-12;432;5365
2009-09-13;355;6204
2009-09-14;412;8597
2009-09-15;373;6262
2009-09-16;366;7390
2009-09-17;326;6552
2009-09-18;548;7900
2009-09-19;428;6569
2009-09-20;456;6449
2009-09-21;495;6445
2009-09-22;397;6562
2009-09-23;406;6651
2009-09-24;376;6554
2009-09-25;478;7735
2009-09-26;404;5779
2009-09-27;421;4467
2009-09-28;420;5193
2009-09-29;373;5474
2009-09-30;400;5146
2009-10-01;371;5362
2009-10-02;490;6810
2009-10-03;461;5550
2009-10-04;424;5218
2009-10-05;350;6208
2009-10-06;391;5578
2009-10-07;416;7059
2009-10-08;552;5640
2009-10-09;624;10764
2009-10-10;633;10243
2009-10-11;451;6497
2009-10-12;619;13238
2009-10-13;404;7266
2009-10-14;381;7268
2009-10-15;447;6247
2009-10-16;564;7066
2009-10-17;540;6496
2009-10-18;379;5960
2009-10-19;437;6809
2009-10-20;378;6980
2009-10-21;366;6714
2009-10-22;468;6564
2009-10-23;482;6958
2009-10-24;451;7176
2009-10-25;393;6436
2009-10-26;426;7385
2009-10-27;440;6055
2009-10-28;414;6903
2009-10-29;449;7957
2009-10-30;533;9559
2009-10-31;597;10358
2009-11-01;391;7333
2009-11-02;441;16779
2009-11-03;492;6789
2009-11-04;368;7277
2009-11-05;391;7033
2009-11-06;484;7280
2009-11-07;548;7839
2009-11-08;441;8519
2009-11-09;429;7098
2009-11-10;408;6680
2009-11-11;376;6074
2009-11-12;386;7503
2009-11-13;507;7195
2009-11-14;469;7826
2009-11-15;459;7679
2009-11-16;458;6913
2009-11-17;360;7810
2009-11-18;404;7758
2009-11-19;421;8410
2009-11-20;505;9963
2009-11-21;514;8275
2009-11-22;478;12383
2009-11-23;419;7883
2009-11-24;347;8143
2009-11-25;452;7490
2009-11-26;387;7541
2009-11-27;588;8958
2009-11-28;574;9501
2009-11-29;512;7308
2009-11-30;499;7686
2009-12-01;442;7101
2009-12-02;433;7748
2009-12-03;464;8565
2009-12-04;699;8015
2009-12-05;659;7020
2009-12-06;545;8893
2009-12-07;490;7399
2009-12-08;459;7823
2009-12-09;475;7160
2009-12-10;456;7204
2009-12-11;566;9299
2009-12-12;592;9150
2009-12-13;545;8964
2009-12-14;431;8315
2009-12-15;407;9432
2009-12-16;441;8691
2009-12-17;562;7829
2009-12-18;701;8435
2009-12-19;703;9422
2009-12-20;622;8241
2009-12-21;551;8976
2009-12-22;546;8441
2009-12-23;725;11848
2009-12-24;848;15833
2009-12-25;443;7165
2009-12-26;484;8794
2009-12-27;623;11689
2009-12-28;543;9132
2009-12-29;489;9544
2009-12-30;650;9696
2009-12-31;676;11519
2010-01-01;300;6876
2010-01-02;419;8003
2010-01-03;673;12808
2010-01-04;534;8237
2010-01-05;412;6942
2010-01-06;434;7900
2010-01-07;407;7746
2010-01-08;507;10554
2010-01-09;478;8577
2010-01-10;473;8606
2010-01-11;458;9158
2010-01-12;392;10882
2010-01-13;406;11328
2010-01-14;445;10641
2010-01-15;550;8060
2010-01-16;513;9660
2010-01-17;486;8428
2010-01-18;449;9048
2010-01-19;385;7277
2010-01-20;468;8392
2010-01-21;487;8511
2010-01-22;539;8734
2010-01-23;444;6770
2010-01-24;498;6652
2010-01-25;483;8728
2010-01-26;395;8585
2010-01-27;400;7342
2010-01-28;406;7154
2010-01-29;478;9078
2010-01-30;511;8195
2010-01-31;458;7602
2010-02-01;423;10255
2010-02-02;353;8728
2010-02-03;404;11299
2010-02-04;450;8656
2010-02-05;520;9918
2010-02-06;512;10706
2010-02-07;522;8282
2010-02-08;509;8449
2010-02-09;518;7549
2010-02-10;448;7427
2010-02-11;537;7818
2010-02-12;756;21138
2010-02-13;751;24390
2010-02-14;418;10951
2010-02-15;356;11566
2010-02-16;442;22472
2010-02-17;630;21509
2010-02-18;498;8139
2010-02-19;417;10606
2010-02-20;368;11791
2010-02-21;387;14213
2010-02-22;489;8125
2010-02-23;398;8370
2010-02-24;431;6758
2010-02-25;526;7835
2010-02-26;533;9293
2010-02-27;457;8914
2010-02-28;514;6197
2010-03-01;570;6408
2010-03-02;459;7326
2010-03-03;489;6807
2010-03-04;477;8080
2010-03-05;539;8125
2010-03-06;524;8207
2010-03-07;480;6445
2010-03-08;461;6804
2010-03-09;386;6070
2010-03-10;445;7112
2010-03-11;409;7443
2010-03-12;492;6814
2010-03-13;466;7015
2010-03-14;540;7657
2010-03-15;475;6288
2010-03-16;464;6398
2010-03-17;400;7207
2010-03-18;400;7375
2010-03-19;512;7608
2010-03-20;544;6729
2010-03-21;499;5816
2010-03-22;417;5755
2010-03-23;434;5150
2010-03-24;440;5901
2010-03-25;445;7127
2010-03-26;543;7186
2010-03-27;551;6890
2010-03-28;458;6699
2010-03-29;472;6489
2010-03-30;452;6661
2010-03-31;526;6703
2010-04-01;749;11881
2010-04-02;463;12738
2010-04-03;396;8451
2010-04-04;863;15582
2010-04-05;567;5849
2010-04-06;401;5516
2010-04-07;364;6790
2010-04-08;435;5719
2010-04-09;487;5925
2010-04-10;532;6479
2010-04-11;476;7843
2010-04-12;417;7361
2010-04-13;345;5993
2010-04-14;401;6541
2010-04-15;414;7740
2010-04-16;545;7582
2010-04-17;490;6971
2010-04-18;441;7794
2010-04-19;425;7667
2010-04-20;460;6351
2010-04-21;423;7831
2010-04-22;456;7498
2010-04-23;518;6703
2010-04-24;509;6829
2010-04-25;432;8084
2010-04-26;473;6062
2010-04-27;384;6321
2010-04-28;412;6352
2010-04-29;397;5595
2010-04-30;619;8297
2010-05-01;554;9396
2010-05-02;526;8824
2010-05-03;487;6918
2010-05-04;441;7136
2010-05-05;438;7877
2010-05-06;432;8112
2010-05-07;644;7096
2010-05-08;687;6533
2010-05-09;742;5571
2010-05-10;599;6723
2010-05-11;460;6752
2010-05-12;478;6555
2010-05-13;472;6494
2010-05-14;507;7564
2010-05-15;465;7057
2010-05-16;473;10575
2010-05-17;479;7042
2010-05-18;425;6255
2010-05-19;437;6342
2010-05-20;440;6970
2010-05-21;552;7341
2010-05-22;584;6870
2010-05-23;480;7795
2010-05-24;416;6646
2010-05-25;435;7628
2010-05-26;451;6192
2010-05-27;469;6114
2010-05-28;551;6774
2010-05-29;498;7364
2010-05-30;446;8089
2010-05-31;502;5549
2010-06-01;432;6407
2010-06-02;601;8591
2010-06-03;514;11682
2010-06-04;553;7030
2010-06-05;550;9691
2010-06-06;565;14011
2010-06-07;455;7162
2010-06-08;435;6598
2010-06-09;454;7191
2010-06-10;478;7545
2010-06-11;575;8453
2010-06-12;518;6746
2010-06-13;479;5938
2010-06-14;413;9066
2010-06-15;437;7635
2010-06-16;457;7529
2010-06-17;447;8741
2010-06-18;547;8388
2010-06-19;465;9770
2010-06-20;421;5934
2010-06-21;502;7621
2010-06-22;458;8328
2010-06-23;505;8835
2010-06-24;467;8115
2010-06-25;517;8985
2010-06-26;430;7275
2010-06-27;418;10741
2010-06-28;487;7804
2010-06-29;401;6732
2010-06-30;401;9191
2010-07-01;461;9553
2010-07-02;507;7779
2010-07-03;455;6904
2010-07-04;432;9774
2010-07-05;430;9080
2010-07-06;393;8787
2010-07-07;462;9411
2010-07-08;439;8879
2010-07-09;597;9078
2010-07-10;557;9860
2010-07-11;475;8095
2010-07-12;535;7307
2010-07-13;466;6635
2010-07-14;514;6665
2010-07-15;531;6598
2010-07-16;740;6318
2010-07-17;587;6512
2010-07-18;557;8026
2010-07-19;484;6828
2010-07-20;421;6556
2010-07-21;461;7974
2010-07-22;497;6616
2010-07-23;606;8138
2010-07-24;546;6354
2010-07-25;520;7864
2010-07-26;454;6913
2010-07-27;406;7598
2010-07-28;416;6731
2010-07-29;487;7326
2010-07-30;574;7181
2010-07-31;529;6860
2010-08-01;611;8512
2010-08-02;470;7476
2010-08-03;392;6776
2010-08-04;499;6998
2010-08-05;435;7259
2010-08-06;564;8484
2010-08-07;547;6998
2010-08-08;535;6847
2010-08-09;520;8842
2010-08-10;466;7124
2010-08-11;432;6861
2010-08-12;398;8903
2010-08-13;551;7534
2010-08-14;513;7706
2010-08-15;535;7267
2010-08-16;486;8365
2010-08-17;399;7938
2010-08-18;444;8177
2010-08-19;441;7572
2010-08-20;543;8634
2010-08-21;520;8377
2010-08-22;479;7675
2010-08-23;437;9482
2010-08-24;411;9283
2010-08-25;403;8970
2010-08-26;463;8016
2010-08-27;537;8459
2010-08-28;489;6788
2010-08-29;480;6531
2010-08-30;409;6289
2010-08-31;449;6790
2010-09-01;464;7440
2010-09-02;458;6335
2010-09-03;630;9996
2010-09-04;749;10366
2010-09-05;493;9183
2010-09-06;466;10923
2010-09-07;579;12573
2010-09-08;685;8751
2010-09-09;481;6736
2010-09-10;523;10993
2010-09-11;541;6300
2010-09-12;459;6230
2010-09-13;470;7686
2010-09-14;429;8192
2010-09-15;440;10314
2010-09-16;476;7438
2010-09-17;566;9339
2010-09-18;591;7176
2010-09-19;517;6846
2010-09-20;546;7839
2010-09-21;526;6458
2010-09-22;405;8760
2010-09-23;439;6040
2010-09-24;610;7390
2010-09-25;563;7589
2010-09-26;544;5420
2010-09-27;591;8906
2010-09-28;556;5771
2010-09-29;408;9067
2010-09-30;457;7283
2010-10-01;654;7442
2010-10-02;596;6243
2010-10-03;441;6070
2010-10-04;461;8672
2010-10-05;411;8438
2010-10-06;464;9799
2010-10-07;565;7010
2010-10-08;663;15716
2010-10-09;673;14269
2010-10-10;514;10224
2010-10-11;461;9525
2010-10-12;519;16086
2010-10-13;512;11754
2010-10-14;449;7922
2010-10-15;532;9617
2010-10-16;496;7228
2010-10-17;477;7616
2010-10-18;552;6674
2010-10-19;391;7777
2010-10-20;444;7800
2010-10-21;426;9361
2010-10-22;514;8660
2010-10-23;598;7311
2010-10-24;486;10583
2010-10-25;463;8955
2010-10-26;492;9222
2010-10-27;446;10023
2010-10-28;429;8620
2010-10-29;606;14279
2010-10-30;671;9521
2010-10-31;505;7487
2010-11-01;471;6627
2010-11-02;491;14869
2010-11-03;466;8877
2010-11-04;426;8800
2010-11-05;602;7326
2010-11-06;604;6264
2010-11-07;455;9081
2010-11-08;459;8846
2010-11-09;446;6302
2010-11-10;556;7425
2010-11-11;495;9128
2010-11-12;709;10622
2010-11-13;810;11626
2010-11-14;516;7820
2010-11-15;623;16449
2010-11-16;633;8347
2010-11-17;467;7727
2010-11-18;405;7152
2010-11-19;508;9708
2010-11-20;499;7035
2010-11-21;493;6821
2010-11-22;524;7062
2010-11-23;457;7520
2010-11-24;520;9590
2010-11-25;512;7463
2010-11-26;646;7881
2010-11-27;522;6307
2010-11-28;462;7028
2010-11-29;452;8942
2010-11-30;467;7014
2010-12-01;497;6796
2010-12-02;540;7894
2010-12-03;586;9360
2010-12-04;606;6041
2010-12-05;557;6962
2010-12-06;559;8418
2010-12-07;482;8042
2010-12-08;499;10157
2010-12-09;548;7427
2010-12-10;599;13916
2010-12-11;656;8855
2010-12-12;624;7857
2010-12-13;692;8122
2010-12-14;512;7247
2010-12-15;645;9526
2010-12-16;622;7023
2010-12-17;716;8654
2010-12-18;684;8489
2010-12-19;680;11080
2010-12-20;551;8515
2010-12-21;571;7330
2010-12-22;657;9849
2010-12-23;992;12302
2010-12-24;860;13043
2010-12-25;438;6517
2010-12-26;667;10777
2010-12-27;550;11123
2010-12-28;534;8063
2010-12-29;494;11026
2010-12-30;636;11130
2010-12-31;675;12423
2011-01-01;481;6510
2011-01-02;775;14063
2011-01-03;696;7714
2011-01-04;549;8082
2011-01-05;472;7117
2011-01-06;485;7443
2011-01-07;530;9433
2011-01-08;539;5898
2011-01-09;527;7288
2011-01-10;601;8928
2011-01-11;476;8390
2011-01-12;483;9014
2011-01-13;525;8710
2011-01-14;630;12513
2011-01-15;626;7857
2011-01-16;564;12003
2011-01-17;547;8094
2011-01-18;510;8016
2011-01-19;450;9816
2011-01-20;491;8214
2011-01-21;583;11994
2011-01-22;553;7042
2011-01-23;534;8892
2011-01-24;467;9929
2011-01-25;461;8784
2011-01-26;430;10095
2011-01-27;503;9573
2011-01-28;562;10955
2011-01-29;552;7214
2011-01-30;537;9768
2011-01-31;558;9026
2011-02-01;447;7292
2011-02-02;443;9866
2011-02-03;477;7851
2011-02-04;571;9917
2011-02-05;571;6733
2011-02-06;558;8181
2011-02-07;469;9105
2011-02-08;445;7844
2011-02-09;463;7745
2011-02-10;528;7738
2011-02-11;557;8767
2011-02-12;531;7213
2011-02-13;508;8845
2011-02-14;588;9213
2011-02-15;482;8558
2011-02-16;471;8614
2011-02-17;488;8023
2011-02-18;562;8834
2011-02-19;539;8236
2011-02-20;525;7420
2011-02-21;487;9208
2011-02-22;477;8303
2011-02-23;522;8740
2011-02-24;485;8781
2011-02-25;583;9205
2011-02-26;580;6227
2011-02-27;534;6923
2011-02-28;586;7421
2011-03-01;483;8922
2011-03-02;538;7529
2011-03-03;613;8880
2011-03-04;1001;16592
2011-03-05;1100;17464
2011-03-06;632;10332
2011-03-07;431;11547
2011-03-08;528;18395
2011-03-09;623;16600
2011-03-10;563;6914
2011-03-11;525;7870
2011-03-12;434;7703
2011-03-13;496;7294
2011-03-14;399;8291
2011-03-15;395;7665
2011-03-16;437;10452
2011-03-17;443;8540
2011-03-18;531;9114
2011-03-19;548;7460
2011-03-20;442;6323
2011-03-21;424;7899
2011-03-22;466;6928
2011-03-23;483;9699
2011-03-24;440;7828
2011-03-25;536;10209
2011-03-26;541;6697
2011-03-27;512;6098
2011-03-28;468;7565
2011-03-29;474;7903
2011-03-30;469;7668
2011-03-31;472;8033
2011-04-01;558;8722
2011-04-02;528;6233
2011-04-03;502;5689
2011-04-04;531;8893
2011-04-05;481;8832
2011-04-06;445;7115
2011-04-07;473;6710
2011-04-08;608;9086
2011-04-09;579;8088
2011-04-10;530;6375
2011-04-11;451;7709
2011-04-12;482;6764
2011-04-13;468;7788
2011-04-14;479;8730
2011-04-15;599;9737
2011-04-16;521;8143
2011-04-17;474;6335
2011-04-18;490;6327
2011-04-19;515;6157
2011-04-20;798;18388
2011-04-21;1030;28184
2011-04-22;329;10238
2011-04-23;427;10233
2011-04-24;931;23315
2011-04-25;615;8982
2011-04-26;445;6552
2011-04-27;410;8613
2011-04-28;476;6951
2011-04-29;529;7846
2011-04-30;510;7074
2011-05-01;485;5550
2011-05-02;463;7149
2011-05-03;487;7016
2011-05-04;448;8105
2011-05-05;519;7367
2011-05-06;617;10238
2011-05-07;632;9029
2011-05-08;522;7204
2011-05-09;540;8570
2011-05-10;452;7387
2011-05-11;442;6651
2011-05-12;483;8721
2011-05-13;557;9304
2011-05-14;562;7890
2011-05-15;589;5955
2011-05-16;539;7337
2011-05-17;431;9240
2011-05-18;472;7632
2011-05-19;516;8822
2011-05-20;637;8660
2011-05-21;578;7962
2011-05-22;542;6440
2011-05-23;496;8563
2011-05-24;409;8165
2011-05-25;460;9530
2011-05-26;498;7411
2011-05-27;583;10859
2011-05-28;547;7069
2011-05-29;478;7973
2011-05-30;464;8683
2011-05-31;436;6604
2011-06-01;501;8249
2011-06-02;474;8054
2011-06-03;629;8792
2011-06-04;590;7246
2011-06-05;509;6470
2011-06-06;489;8645
2011-06-07;562;5848
2011-06-08;465;7615
2011-06-09;609;6162
2011-06-10;660;10074
2011-06-11;550;7448
2011-06-12;597;5961
2011-06-13;468;7407
2011-06-14;520;7070
2011-06-15;479;8097
2011-06-16;524;7538
2011-06-17;590;8420
2011-06-18;557;7881
2011-06-19;437;6607
2011-06-20;471;7147
2011-06-21;504;5650
2011-06-22;658;11626
2011-06-23;600;16823
2011-06-24;447;9172
2011-06-25;449;8059
2011-06-26;666;16163
2011-06-27;522;7559
2011-06-28;456;6752
2011-06-29;493;4927
2011-06-30;501;6629
2011-07-01;595;7213
2011-07-02;577;6590
2011-07-03;490;5934
2011-07-04;479;8587
2011-07-05;502;7362
2011-07-06;459;8102
2011-07-07;508;7313
2011-07-08;660;12201
2011-07-09;649;8019
2011-07-10;570;6653
2011-07-11;536;7965
2011-07-12;472;9070
2011-07-13;475;9237
2011-07-14;531;7144
2011-07-15;669;9907
2011-07-16;637;8982
2011-07-17;542;8656
2011-07-18;502;8779
2011-07-19;434;6678
2011-07-20;442;9317
2011-07-21;483;6242
2011-07-22;626;10135
2011-07-23;668;7030
2011-07-24;571;7216
2011-07-25;491;6005
2011-07-26;446;6714
2011-07-27;495;6654
2011-07-28;507;5457
2011-07-29;613;8018
2011-07-30;625;5694
2011-07-31;622;6033
2011-08-01;533;6776
2011-08-02;424;5441
2011-08-03;484;6028
2011-08-04;455;6424
2011-08-05;657;8306
2011-08-06;565;6444
2011-08-07;508;6184
2011-08-08;517;6594
2011-08-09;498;5543
2011-08-10;526;6129
2011-08-11;458;6282
2011-08-12;612;6337
2011-08-13;590;6229
2011-08-14;578;6067
2011-08-15;493;7097
2011-08-16;453;6116
2011-08-17;485;6896
2011-08-18;456;5923
2011-08-19;619;6771
2011-08-20;536;5594
2011-08-21;528;6257
2011-08-22;554;7031
2011-08-23;466;6215
2011-08-24;415;7515
2011-08-25;509;7226
2011-08-26;530;8334
2011-08-27;503;7477
2011-08-28;430;6569
2011-08-29;480;7855
2011-08-30;478;5908
2011-08-31;496;6415
2011-09-01;457;7159
2011-09-02;589;6861
2011-09-03;572;7509
2011-09-04;507;8335
2011-09-05;473;6021
2011-09-06;547;6227
2011-09-07;495;8723
2011-09-08;467;7117
2011-09-09;483;6571
2011-09-10;503;6624
2011-09-11;528;7298
2011-09-12;454;7502
2011-09-13;412;7167
2011-09-14;483;5908
2011-09-15;497;6628
2011-09-16;599;7379
2011-09-17;555;5676
2011-09-18;548;5818
2011-09-19;493;5863
2011-09-20;440;6607
2011-09-21;430;7942
2011-09-22;466;6674
2011-09-23;625;7166
2011-09-24;519;6494
2011-09-25;492;6841
2011-09-26;492;6335
2011-09-27;410;6631
2011-09-28;448;6423
2011-09-29;440;6525
2011-09-30;547;7495
2011-10-01;556;5457
2011-10-02;576;5720
2011-10-03;635;6626
2011-10-04;447;6852
2011-10-05;471;5896
2011-10-06;485;6810
2011-10-07;536;7648
2011-10-08;615;6721
2011-10-09;609;5897
2011-10-10;495;6970
2011-10-11;571;7267
2011-10-12;381;7418
2011-10-13;523;4973
2011-10-14;567;7587
2011-10-15;518;5154
2011-10-16;574;6097
2011-10-17;534;5690
2011-10-18;425;7465
2011-10-19;414;6114
2011-10-20;464;6453
2011-10-21;551;7413
2011-10-22;631;6267
2011-10-23;540;6204
2011-10-24;442;6510
2011-10-25;477;5891
2011-10-26;429;6302
2011-10-27;436;5868
2011-10-28;565;7799
2011-10-29;587;5448
2011-10-30;507;5533
2011-10-31;469;5763
2011-11-01;478;6650
2011-11-02;399;7074
2011-11-03;467;6884
2011-11-04;490;6950
2011-11-05;445;6055
2011-11-06;407;6275
2011-11-07;447;6772
2011-11-08;392;7282
2011-11-09;463;7090
2011-11-10;453;6766
2011-11-11;691;10680
2011-11-12;654;12483
2011-11-13;526;9148
2011-11-14;610;5645
2011-11-15;644;9865
2011-11-16;494;6509
2011-11-17;408;7328
2011-11-18;486;6745
2011-11-19;504;6754
2011-11-20;436;7430
2011-11-21;427;7376
2011-11-22;470;5754
2011-11-23;463;6510
2011-11-24;431;7904
2011-11-25;540;9006
2011-11-26;583;6124
2011-11-27;573;6786
2011-11-28;528;5871
2011-11-29;456;5811
2011-11-30;473;5542
2011-12-01;495;6563
2011-12-02;610;8234
2011-12-03;584;6314
2011-12-04;527;6154
2011-12-05;482;6802
2011-12-06;471;7017
2011-12-07;549;6769
2011-12-08;522;8759
2011-12-09;687;7596
2011-12-10;691;7848
2011-12-11;560;6481
2011-12-12;544;5808
2011-12-13;501;6229
2011-12-14;562;6281
2011-12-15;628;5508
2011-12-16;671;8356
2011-12-17;712;8278
2011-12-18;610;9124
2011-12-19;551;7757
2011-12-20;521;8465
2011-12-21;590;8126
2011-12-22;645;8988
2011-12-23;849;13307
2011-12-24;626;10220
2011-12-25;587;6955
2011-12-26;650;9774
2011-12-27;520;9100
2011-12-28;501;8362
2011-12-29;503;10381
2011-12-30;619;14700
2011-12-31;507;6180
2012-01-01;639;5896
2012-01-02;719;8842
2012-01-03;466;7238
2012-01-04;429;7356
2012-01-05;414;7943
2012-01-06;586;8291
2012-01-07;541;8208
2012-01-08;505;8454
2012-01-09;554;7112
2012-01-10;485;8439
2012-01-11;473;8426
2012-01-12;446;8191
2012-01-13;583;6891
2012-01-14;581;6040
2012-01-15;452;6975
2012-01-16;491;7402
2012-01-17;470;7561
2012-01-18;466;7555
2012-01-19;471;7925
2012-01-20;568;10041
2012-01-21;504;6486
2012-01-22;511;7798
2012-01-23;467;7114
2012-01-24;432;8279
2012-01-25;449;7681
2012-01-26;458;7297
2012-01-27;567;8095
2012-01-28;513;9033
2012-01-29;538;6656
2012-01-30;496;8592
2012-01-31;436;7299
2012-02-01;447;7370
2012-02-02;455;7176
2012-02-03;544;7514
2012-02-04;497;6296
2012-02-05;510;6375
2012-02-06;483;7482
2012-02-07;493;8038
2012-02-08;459;6915
2012-02-09;521;6882
2012-02-10;619;7671
2012-02-11;516;6679
2012-02-12;530;7094
2012-02-13;521;8668
2012-02-14;442;8573
2012-02-15;492;8274
2012-02-16;492;9628
2012-02-17;799;20327
2012-02-18;840;20732
2012-02-19;462;12091
2012-02-20;341;11735
2012-02-21;486;21300
2012-02-22;580;17451
2012-02-23;442;9391
2012-02-24;392;8984
2012-02-25;440;8016
2012-02-26;409;6771
2012-02-27;472;6965
2012-02-28;421;7133
2012-02-29;432;7661
2012-03-01;411;6510
2012-03-02;540;7325
2012-03-03;529;5357
2012-03-04;476;8723
2012-03-05;456;10542
2012-03-06;401;8691
2012-03-07;442;7675
2012-03-08;494;8996
2012-03-09;571;9689
2012-03-10;557;6480
2012-03-11;583;5996
2012-03-12;575;8222
2012-03-13;465;7018
2012-03-14;490;7168
2012-03-15;535;7143
2012-03-16;622;9464
2012-03-17;530;5338
2012-03-18;479;5463
2012-03-19;491;6157
2012-03-20;400;8384
2012-03-21;460;8131
2012-03-22;467;8383
2012-03-23;536;8706
2012-03-24;458;6854
2012-03-25;500;6335
2012-03-26;468;7696
2012-03-27;440;5662
2012-03-28;490;9528
2012-03-29;447;7881
2012-03-30;532;9356
2012-03-31;523;7060
2012-04-01;449;7542
2012-04-02;488;7753
2012-04-03;456;7810
2012-04-04;556;8577
2012-04-05;831;16458
2012-04-06;579;13855
2012-04-07;407;9058
2012-04-08;871;16380
2012-04-09;579;7000
2012-04-10;476;6580
2012-04-11;465;7390
2012-04-12;431;6693
2012-04-13;536;8840
2012-04-14;510;4841
2012-04-15;486;6295
2012-04-16;469;8003
2012-04-17;442;7722
2012-04-18;447;9175
2012-04-19;440;8438
2012-04-20;611;8636
2012-04-21;580;7003
2012-04-22;470;6064
2012-04-23;495;8937
2012-04-24;413;6955
2012-04-25;433;6700
2012-04-26;497;5922
2012-04-27;601;11538
2012-04-28;620;11440
2012-04-29;440;6989
2012-04-30;470;9014
2012-05-01;427;14244
2012-05-02;481;7906
2012-05-03;439;7395
2012-05-04;549;11380
2012-05-05;511;6319
2012-05-06;479;7569
2012-05-07;495;7199
2012-05-08;482;7593
2012-05-09;421;8080
2012-05-10;472;6561
2012-05-11;636;10275
2012-05-12;577;9184
2012-05-13;589;6565
2012-05-14;619;7363
2012-05-15;541;8202
2012-05-16;434;8574
2012-05-17;469;7494
2012-05-18;510;8230
2012-05-19;471;5549
2012-05-20;485;8228
2012-05-21;459;4897
2012-05-22;447;6856
2012-05-23;406;4871
2012-05-24;470;5222
2012-05-25;623;7338
2012-05-26;486;6330
2012-05-27;415;7425
2012-05-28;472;8018
2012-05-29;403;8514
2012-05-30;420;7065
2012-05-31;487;6491
2012-06-01;583;7857
2012-06-02;494;5370
2012-06-03;453;6062
2012-06-04;507;4769
2012-06-05;499;5655
2012-06-06;684;10834
2012-06-07;520;11947
2012-06-08;454;8807
2012-06-09;503;6868
2012-06-10;638;11400
2012-06-11;521;7168
2012-06-12;460;8452
2012-06-13;419;8348
2012-06-14;454;7448
2012-06-15;559;9378
2012-06-16;535;5946
2012-06-17;526;5992
2012-06-18;475;7180
2012-06-19;444;5632
2012-06-20;459;6721
2012-06-21;512;6004
2012-06-22;656;9055
2012-06-23;447;6754
2012-06-24;459;7819
2012-06-25;490;8632
2012-06-26;457;7751
2012-06-27;471;6846
2012-06-28;489;5949
2012-06-29;603;8428
2012-06-30;504;5503
2012-07-01;461;7246
2012-07-02;482;8917
2012-07-03;465;8896
2012-07-04;422;9238
2012-07-05;489;7400
2012-07-06;751;6624
2012-07-07;726;4836
2012-07-08;506;6288
2012-07-09;474;8410
2012-07-10;446;4765
2012-07-11;437;5680
2012-07-12;444;6608
2012-07-13;599;7551
2012-07-14;609;6084
2012-07-15;513;7264
2012-07-16;552;5875
2012-07-17;529;5437
2012-07-18;499;7474
2012-07-19;496;7505
2012-07-20;636;9632
2012-07-21;542;6279
2012-07-22;517;8875
2012-07-23;428;7257
2012-07-24;459;9508
2012-07-25;460;6273
2012-07-26;446;7317
2012-07-27;603;7532
2012-07-28;500;7537
2012-07-29;535;5836
2012-07-30;447;6287
2012-07-31;435;5167
2012-08-01;459;6524
2012-08-02;448;7829
2012-08-03;588;8141
2012-08-04;521;6252
2012-08-05;540;6297
2012-08-06;469;7859
2012-08-07;405;6761
2012-08-08;387;7099
2012-08-09;441;7336
2012-08-10;568;10124
2012-08-11;532;6430
2012-08-12;560;5992
2012-08-13;486;6307
2012-08-14;432;6676
2012-08-15;413;7908
2012-08-16;393;4920
2012-08-17;499;5462
2012-08-18;468;4046
2012-08-19;481;4381
2012-08-20;378;4379
2012-08-21;317;2382
2012-08-22;291;2382
2012-08-23;330;2275
2012-08-24;330;2029
2012-08-25;322;1856
2012-08-26;331;2054
2012-08-27;303;1601
2012-08-28;361;2033
2012-08-29;391;6330
2012-08-30;421;7865
2012-08-31;538;7085
2012-09-01;511;5891
2012-09-02;429;5640
2012-09-03;457;8319
2012-09-04;432;8279
2012-09-05;478;7312
2012-09-06;686;14887
2012-09-07;690;11644
2012-09-08;420;8000
2012-09-09;675;12197
2012-09-10;555;6314
2012-09-11;422;8557
2012-09-12;371;6948
2012-09-13;438;6909
2012-09-14;528;6580
2012-09-15;508;5415
2012-09-16;436;5023
2012-09-17;446;5773
2012-09-18;438;7620
2012-09-19;457;5803
2012-09-20;488;8615
2012-09-21;678;6733
2012-09-22;467;6274
2012-09-23;475;8370
2012-09-24;407;5960
2012-09-25;500;6755
2012-09-26;453;7259
2012-09-27;448;7409
2012-09-28;571;8243
2012-09-29;515;5069
2012-09-30;457;5268
2012-10-01;487;5461
2012-10-02;450;7160
2012-10-03;432;7925
2012-10-04;486;7142
2012-10-05;628;11942
2012-10-06;577;6413
2012-10-07;483;6918
2012-10-08;497;9519
2012-10-09;484;7165
2012-10-10;582;6369
2012-10-11;822;16060
2012-10-12;802;12540
2012-10-13;468;8296
2012-10-14;622;20568
2012-10-15;495;8321
2012-10-16;400;7197
2012-10-17;462;7130
2012-10-18;472;7327
2012-10-19;583;7382
2012-10-20;522;6040
2012-10-21;530;7035
2012-10-22;524;7778
2012-10-23;511;6172
2012-10-24;450;9507
2012-10-25;446;6600
2012-10-26;568;8572
2012-10-27;511;6792
2012-10-28;460;6139
2012-10-29;473;7330
2012-10-30;432;7022
2012-10-31;492;6143
2012-11-01;644;11184
2012-11-02;548;14461
2012-11-03;431;5795
2012-11-04;579;13869
2012-11-05;470;9314
2012-11-06;438;8277
2012-11-07;453;9275
2012-11-08;503;8329
2012-11-09;817;9259
2012-11-10;615;7487
2012-11-11;486;7109
2012-11-12;509;9174
2012-11-13;483;7255
2012-11-14;558;15147
2012-11-15;560;19007
2012-11-16;455;12753
2012-11-17;416;8869
2012-11-18;474;16037
2012-11-19;461;9097
2012-11-20;458;6764
2012-11-21;406;9327
2012-11-22;394;5915
2012-11-23;524;5934
2012-11-24;527;6410
2012-11-25;552;5570
2012-11-26;507;7223
2012-11-27;442;6747
2012-11-28;450;7859
2012-11-29;423;6866
2012-11-30;557;9312
2012-12-01;552;5260
2012-12-02;546;6466
2012-12-03;481;7216
2012-12-04;426;7374
2012-12-05;516;7191
2012-12-06;523;7286
2012-12-07;660;6667
2012-12-08;665;7421
2012-12-09;595;7064
2012-12-10;491;7702
2012-12-11;486;5421
2012-12-12;508;5244
2012-12-13;554;6984
2012-12-14;712;8449
2012-12-15;727;6859
2012-12-16;583;6805
2012-12-17;503;9178
2012-12-18;473;6020
2012-12-19;567;6054
2012-12-20;633;6296
2012-12-21;860;9026
2012-12-22;957;7849
2012-12-23;563;7218
2012-12-24;372;5930
2012-12-25;422;5176
2012-12-26;644;6943
2012-12-27;563;7610
2012-12-28;574;11383
2012-12-29;642;10002
2012-12-30;436;7998
2012-12-31;276;7406
2013-01-01;480;5766
2013-01-02;585;6098
2013-01-03;462;6715
2013-01-04;489;6951
2013-01-05;434;6567
2013-01-06;465;8050
2013-01-07;460;7613
2013-01-08;482;6538
2013-01-09;447;7543
2013-01-10;553;6769
2013-01-11;641;8551
2013-01-12;537;6326
2013-01-13;554;7185
2013-01-14;524;7976
2013-01-15;491;8030
2013-01-16;480;7144
2013-01-17;528;8739
2013-01-18;617;9468
2013-01-19;536;6784
2013-01-20;509;6813
2013-01-21;531;9680
2013-01-22;463;5976
2013-01-23;419;6217
2013-01-24;460;9562
2013-01-25;597;10641
2013-01-26;540;7387
2013-01-27;511;7331
2013-01-28;503;6974
2013-01-29;413;8012
2013-01-30;425;6589
2013-01-31;494;9047
2013-02-01;519;10262
2013-02-02;524;6681
2013-02-03;456;8039
2013-02-04;543;9029
2013-02-05;448;9057
2013-02-06;473;8330
2013-02-07;558;8626
2013-02-08;786;18005
2013-02-09;847;18356
2013-02-10;456;10353
2013-02-11;334;13107
2013-02-12;373;18781
2013-02-13;490;12402
2013-02-14;435;7501
2013-02-15;464;9662
2013-02-16;419;10344
2013-02-17;382;10232
2013-02-18;419;9752
2013-02-19;405;9502
2013-02-20;443;8163
2013-02-21;433;9578
2013-02-22;569;10613
2013-02-23;454;10162
2013-02-24;413;9117
2013-02-25;498;8087
2013-02-26;471;7834
2013-02-27;476;8604
2013-02-28;444;7657
2013-03-01;654;9054
2013-03-02;512;7307
2013-03-03;430;6729
2013-03-04;505;8658
2013-03-05;451;6781
2013-03-06;426;10466
2013-03-07;455;9608
2013-03-08;560;10326
2013-03-09;501;7138
2013-03-10;501;7517
2013-03-11;522;10964
2013-03-12;435;8211
2013-03-13;448;10249
2013-03-14;478;10346
2013-03-15;600;9476
2013-03-16;525;10505
2013-03-17;439;9599
2013-03-18;497;10062
2013-03-19;423;10511
2013-03-20;498;8781
2013-03-21;555;12402
2013-03-22;566;12309
2013-03-23;510;9381
2013-03-24;459;7492
2013-03-25;507;10217
2013-03-26;473;10533
2013-03-27;592;9659
2013-03-28;800;22572
2013-03-29;553;19680
2013-03-30;401;10370
2013-03-31;819;25924
2013-04-01;599;8676
2013-04-02;465;9235
2013-04-03;431;9517
2013-04-04;445;7988
2013-04-05;575;10119
2013-04-06;521;7639
2013-04-07;425;9055
2013-04-08;524;9441
2013-04-09;474;10488
2013-04-10;439;8238
2013-04-11;453;10609
2013-04-12;636;9614
2013-04-13;543;7199
2013-04-14;438;8202
2013-04-15;464;7902
2013-04-16;468;8433
2013-04-17;452;8367
2013-04-18;484;8636
2013-04-19;587;9934
2013-04-20;554;7987
2013-04-21;479;8062
2013-04-22;429;9488
2013-04-23;451;8879
2013-04-24;452;8667
2013-04-25;453;8786
2013-04-26;554;11226
2013-04-27;473;8568
2013-04-28;475;8096
2013-04-29;495;8910
2013-04-30;512;9387
2013-05-01;401;9014
2013-05-02;430;9905
2013-05-03;577;10690
2013-05-04;481;8679
2013-05-05;531;7513
2013-05-06;533;9817
2013-05-07;433;9972
2013-05-08;467;8795
2013-05-09;490;9559
2013-05-10;697;10172
2013-05-11;577;7700
2013-05-12;548;7421
2013-05-13;526;8988
2013-05-14;458;8723
2013-05-15;489;8299
2013-05-16;480;8296
2013-05-17;600;8963
2013-05-18;502;7262
2013-05-19;509;7678
2013-05-20;438;9292
2013-05-21;437;8010
2013-05-22;488;7623
2013-05-23;467;9015
2013-05-24;670;8275
2013-05-25;468;9457
2013-05-26;427;7820
2013-05-27;532;7916
2013-05-28;512;7098
2013-05-29;681;13432
2013-05-30;554;14013
2013-05-31;418;12167
2013-06-01;463;9808
2013-06-02;639;18601
2013-06-03;540;8156
2013-06-04;436;7372
2013-06-05;510;6688
2013-06-06;471;7290
2013-06-07;597;8057
2013-06-08;571;6830
2013-06-09;481;7723
2013-06-10;501;7989
2013-06-11;516;8656
2013-06-12;501;9052
2013-06-13;521;9601
2013-06-14;554;10456
2013-06-15;517;7790
2013-06-16;548;7341
2013-06-17;504;9094
2013-06-18;439;8864
2013-06-19;474;6757
2013-06-20;512;7952
2013-06-21;603;7729
2013-06-22;541;8582
2013-06-23;477;10792
2013-06-24;542;6586
2013-06-25;480;6599
2013-06-26;456;6601
2013-06-27;449;8792
2013-06-28;505;7703
2013-06-29;553;6683
2013-06-30;463;5791
2013-07-01;462;7084
2013-07-02;403;6679
2013-07-03;417;6984
2013-07-04;496;7942
2013-07-05;618;7989
2013-07-06;605;7400
2013-07-07;520;8249
2013-07-08;527;8412
2013-07-09;526;9461
2013-07-10;476;9846
2013-07-11;398;7640
2013-07-12;626;10322
2013-07-13;582;7186
2013-07-14;547;6328
2013-07-15;492;7676
2013-07-16;444;9967
2013-07-17;488;9793
2013-07-18;440;8149
2013-07-19;696;9031
2013-07-20;557;7479
2013-07-21;563;7486
2013-07-22;538;8134
2013-07-23;490;10085
2013-07-24;509;7511
2013-07-25;527;8674
2013-07-26;639;11861
2013-07-27;507;8454
2013-07-28;506;9599
2013-07-29;523;12596
2013-07-30;417;12283
2013-07-31;471;8698
2013-08-01;449;10247
2013-08-02;569;9143
2013-08-03;537;6982
2013-08-04;520;8004
2013-08-05;474;10152
2013-08-06;460;10097
2013-08-07;472;10908
2013-08-08;436;11564
2013-08-09;587;12026
2013-08-10;602;7433
2013-08-11;511;6904
2013-08-12;487;13182
2013-08-13;437;9113
2013-08-14;434;8246
2013-08-15;526;13132
2013-08-16;519;14217
2013-08-17;531;9108
2013-08-18;558;8954
2013-08-19;473;10026
2013-08-20;476;10179
2013-08-21;445;10938
2013-08-22;450;12124
2013-08-23;571;10404
2013-08-24;524;8876
2013-08-25;511;7880
2013-08-26;522;6961
2013-08-27;447;11369
2013-08-28;420;11029
2013-08-29;499;12587
2013-08-30;602;13699
2013-08-31;571;11279
2013-09-01;471;8233
2013-09-02;469;13275
2013-09-03;451;9285
2013-09-04;592;12795
2013-09-05;468;13413
2013-09-06;710;11071
2013-09-07;544;9400
2013-09-08;556;11885
2013-09-09;542;12525
2013-09-10;467;10493
2013-09-11;444;12437
2013-09-12;497;10504
2013-09-13;589;11572
2013-09-14;541;7351
2013-09-15;508;9597
2013-09-16;553;8726
2013-09-17;527;7812
2013-09-18;452;9281
2013-09-19;471;11084
2013-09-20;549;9845
2013-09-21;555;6718
2013-09-22;502;6671
2013-09-23;452;9099
2013-09-24;440;7765
2013-09-25;389;10445
2013-09-26;430;9661
2013-09-27;594;11459
2013-09-28;536;7287
2013-09-29;596;8049
2013-09-30;500;9181
2013-10-01;438;10238
2013-10-02;547;7913
2013-10-03;482;10110
2013-10-04;634;9478
2013-10-05;500;9943
2013-10-06;454;9037
2013-10-07;519;10387
2013-10-08;469;12816
2013-10-09;467;10298
2013-10-10;499;8923
2013-10-11;608;13642
2013-10-12;530;9159
2013-10-13;466;9351
2013-10-14;459;10703
2013-10-15;468;9295
2013-10-16;560;7283
2013-10-17;542;10595
2013-10-18;587;12418
2013-10-19;517;6834
2013-10-20;456;7017
2013-10-21;446;7718
2013-10-22;421;8611
2013-10-23;458;8368
2013-10-24;514;10482
2013-10-25;534;10369
2013-10-26;453;7903
2013-10-27;416;10982
2013-10-28;469;8979
2013-10-29;448;8461
2013-10-30;431;12551
2013-10-31;489;8643
2013-11-01;578;11680
2013-11-02;475;8860
2013-11-03;489;9379
2013-11-04;504;7289
2013-11-05;487;6248
2013-11-06;593;4727
2013-11-07;505;5523
2013-11-08;617;6615
2013-11-09;539;6611
2013-11-10;486;6719
2013-11-11;534;6683
2013-11-12;456;5649
2013-11-13;497;6252
2013-11-14;662;12045
2013-11-15;649;14215
2013-11-16;426;6516
2013-11-17;750;13553
2013-11-18;550;8565
2013-11-19;478;6509
2013-11-20;437;5504
2013-11-21;492;4967
2013-11-22;557;4555
2013-11-23;547;4645
2013-11-24;517;3885
2013-11-25;614;4418
2013-11-26;538;3287
2013-11-27;433;3587
2013-11-28;481;3705
2013-11-29;561;4871
2013-11-30;619;3054
2013-12-01;533;3366
2013-12-02;555;6469
2013-12-03;451;5324
2013-12-04;477;4721
2013-12-05;573;4712
2013-12-06;587;6338
2013-12-07;614;5160
2013-12-08;524;5728
2013-12-09;545;5872
2013-12-10;463;5196
2013-12-11;534;5574
2013-12-12;538;6838
2013-12-13;618;6582
2013-12-14;630;5176
2013-12-15;598;5218
2013-12-16;525;5913
2013-12-17;531;5279
2013-12-18;560;5282
2013-12-19;586;7283
2013-12-20;789;9813
2013-12-21;914;8809
2013-12-22;723;10080
2013-12-23;679;11191
2013-12-24;468;5614
2013-12-25;385;4068
2013-12-26;532;12448
2013-12-27;508;13954
2013-12-28;547;10560
2013-12-29;404;6261
2013-12-30;435;13544
2013-12-31;350;5572
2014-01-01;434;3957
2014-01-02;495;7530
2014-01-03;562;8671
2014-01-04;516;8305
2014-01-05;464;10035
2014-01-06;461;9560
2014-01-07;419;6093
2014-01-08;431;6078
2014-01-09;455;6216
2014-01-10;557;6801
2014-01-11;526;5948
2014-01-12;487;7355
2014-01-13;527;6427
2014-01-14;426;6536
2014-01-15;474;6223
2014-01-16;494;9431
2014-01-17;630;8814
2014-01-18;498;7114
2014-01-19;463;10287
2014-01-20;507;9270
2014-01-21;417;8279
2014-01-22;476;7386
2014-01-23;486;9172
2014-01-24;629;8778
2014-01-25;473;6515
2014-01-26;460;8304
2014-01-27;450;7715
2014-01-28;437;9744
2014-01-29;430;6118
2014-01-30;445;9577
2014-01-31;561;9770
2014-02-01;489;6791
2014-02-02;450;6403
2014-02-03;494;9819
2014-02-04;431;8804
2014-02-05;439;5765
2014-02-06;480;5192
2014-02-07;536;7377
2014-02-08;547;5499
2014-02-09;521;7749
2014-02-10;463;9778
2014-02-11;450;5873
2014-02-12;473;5873
2014-02-13;464;8601
2014-02-14;666;8597
2014-02-15;593;6677
2014-02-16;519;7801
2014-02-17;571;8587
2014-02-18;432;5399
2014-02-19;394;5295
2014-02-20;445;7348
2014-02-21;510;7731
2014-02-22;494;7426
2014-02-23;481;9541
2014-02-24;484;7737
2014-02-25;422;6192
2014-02-26;443;6175
2014-02-27;548;7997
2014-02-28;766;15475
2014-03-01;883;16647
2014-03-02;449;8154
2014-03-03;316;7763
2014-03-04;453;11755
2014-03-05;526;11957
2014-03-06;447;5673
2014-03-07;514;10226
2014-03-08;519;7971
2014-03-09;378;8943
2014-03-10;429;10383
2014-03-11;433;9787
2014-03-12;430;7884
2014-03-13;480;6175
2014-03-14;548;13309
2014-03-15;505;7414
2014-03-16;446;8000
2014-03-17;504;9320
2014-03-18;433;4451
2014-03-19;422;4835
2014-03-20;432;5446
2014-03-21;551;8455
2014-03-22;475;6821
2014-03-23;480;8531
2014-03-24;453;15030
2014-03-25;407;8502
2014-03-26;418;8890
2014-03-27;468;7214
2014-03-28;569;12776
2014-03-29;467;8112
2014-03-30;499;7494
2014-03-31;466;9302
2014-04-01;439;8078
2014-04-02;456;8787
2014-04-03;465;9077
2014-04-04;568;7107
2014-04-05;521;5442
2014-04-06;491;4611
2014-04-07;450;7136
2014-04-08;427;5156
2014-04-09;444;4459
2014-04-10;402;5950
2014-04-11;500;5085
2014-04-12;501;4454
2014-04-13;502;4326
2014-04-14;527;8109
2014-04-15;478;6028
2014-04-16;571;5533
2014-04-17;754;10597
2014-04-18;637;10638
2014-04-19;379;8648
2014-04-20;366;11332
2014-04-21;715;18373
2014-04-22;534;5090
2014-04-23;407;4246
2014-04-24;489;6990
2014-04-25;447;9404
2014-04-26;422;5383
2014-04-27;408;6557
2014-04-28;458;10026
2014-04-29;418;9618
2014-04-30;509;5947
2014-05-01;419;9577
2014-05-02;452;8276
2014-05-03;415;7771
2014-05-04;451;9557
2014-05-05;416;9149
2014-05-06;435;4453
2014-05-07;425;3689
2014-05-08;474;6088
2014-05-09;530;7454
2014-05-10;545;5296
2014-05-11;519;4968
2014-05-12;462;6980
2014-05-13;372;7422
2014-05-14;420;5898
2014-05-15;456;5865
2014-05-16;537;8033
2014-05-17;469;6880
2014-05-18;425;5673
2014-05-19;391;9445
2014-05-20;378;8077
2014-05-21;417;3931
2014-05-22;477;7379
2014-05-23;587;6303
2014-05-24;478;5199
2014-05-25;469;8057
2014-05-26;514;8288
2014-05-27;392;6662
2014-05-28;425;8092
2014-05-29;450;6840
2014-05-30;512;8450
2014-05-31;508;5372
2014-06-01;482;5764
2014-06-02;453;8063
2014-06-03;434;8461
2014-06-04;461;7918
2014-06-05;486;7736
2014-06-06;513;8375
2014-06-07;543;6242
2014-06-08;427;5715
2014-06-09;456;7462
2014-06-10;490;9127
2014-06-11;491;7961
2014-06-12;433;8316
2014-06-13;535;9842
2014-06-14;430;8993
2014-06-15;399;9466
2014-06-16;389;8366
2014-06-17;358;8378
2014-06-18;443;10547
2014-06-19;356;12548
2014-06-20;434;11774
2014-06-21;418;9241
2014-06-22;458;15356
2014-06-23;372;9574
2014-06-24;422;9487
2014-06-25;414;9044
2014-06-26;438;8474
2014-06-27;480;9105
2014-06-28;411;5170
2014-06-29;336;7901
2014-06-30;449;7775
2014-07-01;396;8574
2014-07-02;384;7533
2014-07-03;427;10556
2014-07-04;464;13001
2014-07-05;396;7561
2014-07-06;421;6523
2014-07-07;468;11887
2014-07-08;384;7098
2014-07-09;450;7967
2014-07-10;473;9318
2014-07-11;507;14434
2014-07-12;476;9006
2014-07-13;388;8319
2014-07-14;425;10308
2014-07-15;351;9723
2014-07-16;358;5076
2014-07-17;423;8910
2014-07-18;500;11019
2014-07-19;460;9316
2014-07-20;447;10591
2014-07-21;391;10139
2014-07-22;375;9448
2014-07-23;451;9843
2014-07-24;490;6455
2014-07-25;675;10460
2014-07-26;544;6781
2014-07-27;517;6634
2014-07-28;428;8710
2014-07-29;405;8654
2014-07-30;393;8515
2014-07-31;383;10005
2014-08-01;519;12557
2014-08-02;490;8323
2014-08-03;448;10439
2014-08-04;428;11504
2014-08-05;433;9030
2014-08-06;427;10334
2014-08-07;438;9049
2014-08-08;515;11119
2014-08-09;518;9410
2014-08-10;521;7129
2014-08-11;409;11458
2014-08-12;429;9683
2014-08-13;415;8444
2014-08-14;443;9839
2014-08-15;504;11330
2014-08-16;501;8209
2014-08-17;474;8630
2014-08-18;426;11814
2014-08-19;370;11358
2014-08-20;372;9714
2014-08-21;428;12392
2014-08-22;492;12230
2014-08-23;456;8215
2014-08-24;468;9551
2014-08-25;419;13339
2014-08-26;381;11147
2014-08-27;409;9817
2014-08-28;412;11255
2014-08-29;497;12444
2014-08-30;438;8139
2014-08-31;481;7359
2014-09-01;455;10435
2014-09-02;428;9683
2014-09-03;446;9094
2014-09-04;428;8346
2014-09-05;575;11375
2014-09-06;523;7730
2014-09-07;473;7946
2014-09-08;472;9345
2014-09-09;431;10187
2014-09-10;381;9569
2014-09-11;422;9438
2014-09-12;522;10116
2014-09-13;475;10407
2014-09-14;456;8224
2014-09-15;447;7279
2014-09-16;388;10230
2014-09-17;378;9353
2014-09-18;432;9569
2014-09-19;543;10157
2014-09-20;505;8734
2014-09-21;508;7431
2014-09-22;448;9346
2014-09-23;434;9123
2014-09-24;408;8427
2014-09-25;381;9168
2014-09-26;512;8657
2014-09-27;440;6425
2014-09-28;439;7508
2014-09-29;435;9229
2014-09-30;411;7589
2014-10-01;394;8258
2014-10-02;424;8563
2014-10-03;478;9956
2014-10-04;509;7337
2014-10-05;440;6874
2014-10-06;455;8335
2014-10-07;410;9548
2014-10-08;404;9992
2014-10-09;419;11016
2014-10-10;487;9642
2014-10-11;528;7741
2014-10-12;519;8872
2014-10-13;445;10421
2014-10-14;365;9032
2014-10-15;386;10234
2014-10-16;441;11972
2014-10-17;487;10575
2014-10-18;482;12066
2014-10-19;504;8968
2014-10-20;461;10772
2014-10-21;438;9612
2014-10-22;400;9259
2014-10-23;382;11522
2014-10-24;471;16202
2014-10-25;505;10832
2014-10-26;549;11008
2014-10-27;420;12705
2014-10-28;402;10746
2014-10-29;388;9595
2014-10-30;422;13651
2014-10-31;490;13708
2014-11-01;473;10457
2014-11-02;460;10124
2014-11-03;427;12713
2014-11-04;362;8501
2014-11-05;410;10012
2014-11-06;400;15911
2014-11-07;526;12460
2014-11-08;489;10285
2014-11-09;465;10179
2014-11-10;442;13204
2014-11-11;339;13259
2014-11-12;446;10114
2014-11-13;478;14167
2014-11-14;611;11608
2014-11-15;488;9290
2014-11-16;471;10273
2014-11-17;452;12334
2014-11-18;380;10506
2014-11-19;372;12009
2014-11-20;405;11544
2014-11-21;483;14060
2014-11-22;442;9989
2014-11-23;504;7106
2014-11-24;429;13256
2014-11-25;441;11717
2014-11-26;389;12728
2014-11-27;388;9383
2014-11-28;537;14247
2014-11-29;446;10199
2014-11-30;482;9996
2014-12-01;440;8678
2014-12-02;393;9086
2014-12-03;382;9851
2014-12-04;438;8990
2014-12-05;574;11190
2014-12-06;542;8012
2014-12-07;474;9598
2014-12-08;432;11299
2014-12-09;406;9199
2014-12-10;444;8862
2014-12-11;458;10742
2014-12-12;526;9935
2014-12-13;551;7265
2014-12-14;512;8908
2014-12-15;427;13692
2014-12-16;398;11185
2014-12-17;414;13331
2014-12-18;508;13893
2014-12-19;626;14351
2014-12-20;731;13828
2014-12-21;603;12663
2014-12-22;594;14983
2014-12-23;625;14545
2014-12-24;484;14895
2014-12-25;319;10982
2014-12-26;431;17139
2014-12-27;366;11720
2014-12-28;394;13482
2014-12-29;352;15574
2014-12-30;414;16811
2014-12-31;379;13891
2015-01-01;298;6103
2015-01-02;362;14048
2015-01-03;403;10935
2015-01-04;453;22141
2015-01-05;369;12116
2015-01-06;306;12483
2015-01-07;339;9539
2015-01-08;344;14569
2015-01-09;429;13449
2015-01-10;410;9518
2015-01-11;452;9760
2015-01-12;384;14416
2015-01-13;386;11639
2015-01-14;365;13117
2015-01-15;381;15087
2015-01-16;452;15346
2015-01-17;429;14394
2015-01-18;400;9791
2015-01-19;424;13930
2015-01-20;342;13676
2015-01-21;376;12330
2015-01-22;424;13113
2015-01-23;457;15443
2015-01-24;442;11232
2015-01-25;466;11572
2015-01-26;415;12705
2015-01-27;362;11693
2015-01-28;357;14238
2015-01-29;368;13250
2015-01-30;426;16530
2015-01-31;409;9473
2015-02-01;347;10371
2015-02-02;411;11604
2015-02-03;405;9714
2015-02-04;377;10641
2015-02-05;423;11125
2015-02-06;489;13306
2015-02-07;473;9667
2015-02-08;462;10619
2015-02-09;433;15360
2015-02-10;383;15979
2015-02-11;420;16859
2015-02-12;389;16235
2015-02-13;599;32298
2015-02-14;618;30734
2015-02-15;385;16961
2015-02-16;336;18633
2015-02-17;390;28613
2015-02-18;520;33424
2015-02-19;388;12802
2015-02-20;328;15128
2015-02-21;346;14717
2015-02-22;332;14655
2015-02-23;359;14440
2015-02-24;315;10609
2015-02-25;316;12245
2015-02-26;363;11300
2015-02-27;420;14388
2015-02-28;395;10052
2015-03-01;382;12642
2015-03-02;378;12201
2015-03-03;343;13822
2015-03-04;413;12754
2015-03-05;401;14684
2015-03-06;478;15505
2015-03-07;486;11012
2015-03-08;431;13476
2015-03-09;468;14428
2015-03-10;393;13619
2015-03-11;387;12702
2015-03-12;355;14341
2015-03-13;396;17597
2015-03-14;391;12149
2015-03-15;359;14878
2015-03-16;386;14174
2015-03-17;350;14294
2015-03-18;360;13618
2015-03-19;343;12969
2015-03-20;480;16466
2015-03-21;508;13818
2015-03-22;411;11518
2015-03-23;407;13767
2015-03-24;319;15705
2015-03-25;347;18441
2015-03-26;344;13712
2015-03-27;450;19144
2015-03-28;433;14196
2015-03-29;430;12855
2015-03-30;439;12308
2015-03-31;380;14606
2015-04-01;415;20260
2015-04-02;579;34822
2015-04-03;378;31107
2015-04-04;321;20174
2015-04-05;620;29669
2015-04-06;484;19864
2015-04-07;356;11827
2015-04-08;350;14086
2015-04-09;358;22996
2015-04-10;398;20413
2015-04-11;421;19166
2015-04-12;384;14947
2015-04-13;367;13752
2015-04-14;339;15132
2015-04-15;363;13292
2015-04-16;394;15641
2015-04-17;449;22666
2015-04-18;444;23019
2015-04-19;354;17511
2015-04-20;355;16594
2015-04-21;357;30974
2015-04-22;469;13751
2015-04-23;426;20225
2015-04-24;354;18113
2015-04-25;359;19023
2015-04-26;366;16809
2015-04-27;362;20766
2015-04-28;346;18201
2015-04-29;392;11882
2015-04-30;504;24293
2015-05-01;418;30710
2015-05-02;355;17072
2015-05-03;436;26391
2015-05-04;437;19150
2015-05-05;387;12439
2015-05-06;402;14543
2015-05-07;378;15866
2015-05-08;483;20934
2015-05-09;476;15461
2015-05-10;485;14779
2015-05-11;490;14837
2015-05-12;359;14240
2015-05-13;372;12593
2015-05-14;421;14113
2015-05-15;447;14649
2015-05-16;434;11315
2015-05-17;380;11365
2015-05-18;391;12685
2015-05-19;397;13285
2015-05-20;398;13082
2015-05-21;389;13040
2015-05-22;424;14481
2015-05-23;441;14266
2015-05-24;360;11035
2015-05-25;423;12210
2015-05-26;367;10752
2015-05-27;348;13528
2015-05-28;343;12110
2015-05-29;450;14472
2015-05-30;382;11963
2015-05-31;434;10819
2015-06-01;384;16441
2015-06-02;358;17668
2015-06-03;438;27403
2015-06-04;378;39095
2015-06-05;403;23479
2015-06-06;353;19538
2015-06-07;436;34950
2015-06-08;397;18599
2015-06-09;349;18276
2015-06-10;361;16411
2015-06-11;352;17609
2015-06-12;443;16690
2015-06-13;378;16180
2015-06-14;387;14576
2015-06-15;373;15038
2015-06-16;350;16819
2015-06-17;286;17151
2015-06-18;348;16063
2015-06-19;415;18719
2015-06-20;365;14647
2015-06-21;321;16084
2015-06-22;347;16123
2015-06-23;335;17594
2015-06-24;294;14829
2015-06-25;315;16417
2015-06-26;348;18724
2015-06-27;316;15296
2015-06-28;293;13604
2015-06-29;272;15806
2015-06-30;286;14409
2015-07-01;239;15055
2015-07-02;240;16853
2015-07-03;317;16788
2015-07-04;345;13612
2015-07-05;318;14091
2015-07-06;258;13996
2015-07-07;254;14003
2015-07-08;281;15186
2015-07-09;252;19921
2015-07-10;310;20462
2015-07-11;303;15395
2015-07-12;310;17950
2015-07-13;255;17715
2015-07-14;236;15833
2015-07-15;263;14278
2015-07-16;269;14929
2015-07-17;291;18349
2015-07-18;311;17189
2015-07-19;338;17023
2015-07-20;282;13938
2015-07-21;227;16004
2015-07-22;280;15024
2015-07-23;257;13567
2015-07-24;280;16711
2015-07-25;325;14701
2015-07-26;322;14573
2015-07-27;256;17486
2015-07-28;223;15304
2015-07-29;222;15753
2015-07-30;225;17485
2015-07-31;303;18767
2015-08-01;339;16014
2015-08-02;299;18120
2015-08-03;260;16582
2015-08-04;193;16603
2015-08-05;225;16123
2015-08-06;261;18728
2015-08-07;289;15983
2015-08-08;356;16158
2015-08-09;334;14245
2015-08-10;238;15286
2015-08-11;217;14020
2015-08-12;244;14740
2015-08-13;227;15117
2015-08-14;268;16703
2015-08-15;306;13493
2015-08-16;272;15240
2015-08-17;241;14251
2015-08-18;234;13264
2015-08-19;243;13406
2015-08-20;251;16531
2015-08-21;300;18243
2015-08-22;297;14826
2015-08-23;292;15330
2015-08-24;264;14121
2015-08-25;238;13705
2015-08-26;213;15444
2015-08-27;227;26969
2015-08-28;269;17603
2015-08-29;278;15528
2015-08-30;285;13387
2015-08-31;254;14829
2015-09-01;227;14072
2015-09-02;218;21324
2015-09-03;287;15830
2015-09-04;362;32863
2015-09-05;401;28981
2015-09-06;344;18359
2015-09-07;339;36313
2015-09-08;376;15956
2015-09-09;243;16080
2015-09-10;250;18054
2015-09-11;278;14694
2015-09-12;318;13085
2015-09-13;259;13701
2015-09-14;243;15888
2015-09-15;178;16552
2015-09-16;202;13573
2015-09-17;239;16714
2015-09-18;294;17491
2015-09-19;295;13689
2015-09-20;302;11819
2015-09-21;220;14304
2015-09-22;208;15823
2015-09-23;193;12764
2015-09-24;225;14878
2015-09-25;303;25419
2015-09-26;328;11039
2015-09-27;303;8193
2015-09-28;207;7216
2015-09-29;199;5246
2015-09-30;208;6072
2015-10-01;236;6402
2015-10-02;290;7148
2015-10-03;274;8312
2015-10-04;279;10731
2015-10-05;228;14727
2015-10-06;217;13279
2015-10-07;268;13867
2015-10-08;258;17152
2015-10-09;348;19583
2015-10-10;335;16730
2015-10-11;286;10564
2015-10-12;280;25506
2015-10-13;238;14278
2015-10-14;233;12867
2015-10-15;233;11879
2015-10-16;263;10832
2015-10-17;250;8211
2015-10-18;260;8104
2015-10-19;212;12664
2015-10-20;225;15180
2015-10-21;226;13847
2015-10-22;280;11786
2015-10-23;255;17911
2015-10-24;268;13441
2015-10-25;278;11250
2015-10-26;242;16194
2015-10-27;237;15916
2015-10-28;259;12807
2015-10-29;275;16429
2015-10-30;325;24836
2015-10-31;329;22837
2015-11-01;285;14453
2015-11-02;308;24863
2015-11-03;258;14563
2015-11-04;228;14256
2015-11-05;219;14403
2015-11-06;273;16153
2015-11-07;308;13582
2015-11-08;306;13038
2015-11-09;246;15667
2015-11-10;204;15019
2015-11-11;239;13198
2015-11-12;216;16106
2015-11-13;272;15266
2015-11-14;285;13490
2015-11-15;334;9160
2015-11-16;273;10116
2015-11-17;255;11563
2015-11-18;219;8320
2015-11-19;276;13062
2015-11-20;335;12949
2015-11-21;297;8912
2015-11-22;301;10917
2015-11-23;281;7303
2015-11-24;234;7645
2015-11-25;219;6596
2015-11-26;245;7018
2015-11-27;297;8812
2015-11-28;307;9666
2015-11-29;316;8784
2015-11-30;241;7330
2015-12-01;226;7005
2015-12-02;255;5633
2015-12-03;255;5817
2015-12-04;297;7558
2015-12-05;357;10605
2015-12-06;332;9784
2015-12-07;268;7219
2015-12-08;214;7941
2015-12-09;239;9676
2015-12-10;274;8344
2015-12-11;308;10698
2015-12-12;325;8811
2015-12-13;316;9087
2015-12-14;274;7102
2015-12-15;238;7030
2015-12-16;231;7136
2015-12-17;265;7300
2015-12-18;381;11056
2015-12-19;425;9466
2015-12-20;397;10024
2015-12-21;307;7561
2015-12-22;297;9938
2015-12-23;387;9963
2015-12-24;426;11360
2015-12-25;311;8461
2015-12-26;297;6701
2015-12-27;380;6774
2015-12-28;293;5446
2015-12-29;284;6332
2015-12-30;339;7226
2015-12-31;289;9013
2017-01-01;304;20514
2017-01-02;258;20264
2017-01-03;233;18124
2017-01-04;226;18762
2017-01-05;209;21096
2017-01-06;239;20414
2017-01-07;259;23000
2017-01-08;277;22408
2017-01-09;245;22001
2017-01-10;189;20489
2017-01-11;241;19662
2017-01-12;227;23355
2017-01-13;272;21900
2017-01-14;276;20374
2017-01-15;326;21514
2017-01-16;228;22116
2017-01-17;189;28205
2017-01-18;206;22429
2017-01-19;222;21088
2017-01-20;267;23933
2017-01-21;242;21451
2017-01-22;275;23726
2017-01-23;215;21515
2017-01-24;194;20761
2017-01-25;220;20119
2017-01-26;239;19017
2017-01-27;232;20606
2017-01-28;223;18109
2017-01-29;260;20729
2017-01-30;221;17019
2017-01-31;195;18763
2017-02-01;199;18764
2017-02-02;216;20334
2017-02-03;291;20546
2017-02-04;280;17095
2017-02-05;299;17714
2017-02-06;240;21393
2017-02-07;218;17664
2017-02-08;203;22083
2017-02-09;225;18853
2017-02-10;264;23732
2017-02-11;312;18748
2017-02-12;262;19118
2017-02-13;263;21283
2017-02-14;212;19016
2017-02-15;194;20136
2017-02-16;210;24171
2017-02-17;276;22417
2017-02-18;297;19892
2017-02-19;269;21903
2017-02-20;212;20397
2017-02-21;184;20989
2017-02-22;191;18497
2017-02-23;254;20198
2017-02-24;347;41991
2017-02-25;407;40210
2017-02-26;295;27683
2017-02-27;208;24821
2017-02-28;240;41763
2017-03-01;245;38410
2017-03-02;216;18819
2017-03-03;217;19223
2017-03-04;235;24476
2017-03-05;258;22291
2017-03-06;236;21827
2017-03-07;218;17889
2017-03-08;221;20417
2017-03-09;225;22006
2017-03-10;271;22428
2017-03-11;286;16623
2017-03-12;283;18724
2017-03-13;234;25998
2017-03-14;196;25326
2017-03-15;235;19957
2017-03-16;244;24150
2017-03-17;282;24398
2017-03-18;303;18739
2017-03-19;316;17080
2017-03-20;239;23005
2017-03-21;190;21692
2017-03-22;214;22857
2017-03-23;196;19853
2017-03-24;244;22088
2017-03-25;276;19844
2017-03-26;280;18895
2017-03-27;239;19012
2017-03-28;228;20270
2017-03-29;206;19094
2017-03-30;212;18149
2017-03-31;233;19947
2017-04-01;292;18242
2017-04-02;263;18389
2017-04-03;227;20166
2017-04-04;188;19745
2017-04-05;211;20339
2017-04-06;270;18761
2017-04-07;274;20872
2017-04-08;352;16966
2017-04-09;279;19405
2017-04-10;266;20103
2017-04-11;240;19487
2017-04-12;239;19233
2017-04-13;339;35659
2017-04-14;232;37101
2017-04-15;241;26251
2017-04-16;299;34987
2017-04-17;267;20755
2017-04-18;210;17773
2017-04-19;190;18122
2017-04-20;291;28608
2017-04-21;305;35908
2017-04-22;275;19950
2017-04-23;259;30538
2017-04-24;231;19588
2017-04-25;181;17386
2017-04-26;232;14727
2017-04-27;254;18588
2017-04-28;279;20364
2017-04-29;291;18672
2017-04-30;266;12829
2017-05-01;221;25942
2017-05-02;219;13991
2017-05-03;208;13755
2017-05-04;211;14243
2017-05-05;276;14572
2017-05-06;300;11405
2017-05-07;269;12980
2017-05-08;228;13721
2017-05-09;211;13309
2017-05-10;210;13048
2017-05-11;216;12621
2017-05-12;279;11596
2017-05-13;286;8185
2017-05-14;306;10471
2017-05-15;240;15144
2017-05-16;248;11889
2017-05-17;227;12844
2017-05-18;223;8344
2017-05-19;389;10815
2017-05-20;328;10419
2017-05-21;314;9592
2017-05-22;238;10716
2017-05-23;214;14414
2017-05-24;198;12450
2017-05-25;237;13698
2017-05-26;231;12282
2017-05-27;312;12160
2017-05-28;273;11626
2017-05-29;216;21608
2017-05-30;199;16763
2017-05-31;211;16245
2017-06-01;227;16493
2017-06-02;273;20929
2017-06-03;264;16361
2017-06-04;272;19272
2017-06-05;273;16710
2017-06-06;226;16589
2017-06-07;221;18154
2017-06-08;228;19007
2017-06-09;270;21021
2017-06-10;318;19145
2017-06-11;251;16149
2017-06-12;259;20432
2017-06-13;236;16404
2017-06-14;262;25967
2017-06-15;248;27543
2017-06-16;213;15761
2017-06-17;275;15182
2017-06-18;281;17733
2017-06-19;249;12035
2017-06-20;204;12561
2017-06-21;192;11639
2017-06-22;222;12701
2017-06-23;293;11073
2017-06-24;315;15880
2017-06-25;251;16233
2017-06-26;212;18929
2017-06-27;219;17354
2017-06-28;224;17233
2017-06-29;236;14360
2017-06-30;285;12554
2017-07-01;287;10375
2017-07-02;281;10279
2017-07-03;234;10203
2017-07-04;220;11484
2017-07-05;194;9193
2017-07-06;226;10611
2017-07-07;273;9751
2017-07-08;297;8809
2017-07-09;298;8619
2017-07-10;240;9109
2017-07-11;176;8271
2017-07-12;212;9366
2017-07-13;211;7268
2017-07-14;236;8623
2017-07-15;273;7161
2017-07-16;260;7455
2017-07-17;228;7725
2017-07-18;183;8005
2017-07-19;189;7865
2017-07-20;155;9025
2017-07-21;261;8458
2017-07-22;257;6602
2017-07-23;276;6450
2017-07-24;212;8682
2017-07-25;172;8406
2017-07-26;185;7992
2017-07-27;231;7509
2017-07-28;236;7848
2017-07-29;297;6290
2017-07-30;284;7627
2017-07-31;211;7387
2017-08-01;175;8207
2017-08-02;191;7402
2017-08-03;188;9098
2017-08-04;259;8069
2017-08-05;265;6703
2017-08-06;246;7210
2017-08-07;203;8579
2017-08-08;197;7287
2017-08-09;184;7658
2017-08-10;205;8538
2017-08-11;254;8000
2017-08-12;277;5288
2017-08-13;313;4877
2017-08-14;197;6732
2017-08-15;212;6049
2017-08-16;224;5920
2017-08-17;208;6313
2017-08-18;262;7274
2017-08-19;277;5887
2017-08-20;294;4570
2017-08-21;219;7200
2017-08-22;216;7577
2017-08-23;192;8436
2017-08-24;190;7510
2017-08-25;238;9114
2017-08-26;276;6183
2017-08-27;271;6258
2017-08-28;230;8759
2017-08-29;193;9796
2017-08-30;190;7643
2017-08-31;212;8888
2017-09-01;248;7354
2017-09-02;299;7835
2017-09-03;289;7096
2017-09-04;228;8917
2017-09-05;216;7936
2017-09-06;235;12026
2017-09-07;233;11940
2017-09-08;231;8871
2017-09-09;224;7502
2017-09-10;298;11725
2017-09-11;219;7444
2017-09-12;178;8651
2017-09-13;180;6890
2017-09-14;199;8899
2017-09-15;247;9543
2017-09-16;261;8013
2017-09-17;271;8186
2017-09-18;224;9782
2017-09-19;184;8312
2017-09-20;192;10398
2017-09-21;206;9339
2017-09-22;251;9350
2017-09-23;248;7319
2017-09-24;271;10136
2017-09-25;195;12441
2017-09-26;187;11816
2017-09-27;179;11367
2017-09-28;249;11431
2017-09-29;304;9539
2017-09-30;364;8196
2017-10-01;263;14121
2017-10-02;272;12749
2017-10-03;228;19101
2017-10-04;197;18153
2017-10-05;200;18707
2017-10-06;260;23523
2017-10-07;305;18229
2017-10-08;301;19590
2017-10-09;222;21681
2017-10-10;188;19978
2017-10-11;259;31871
2017-10-12;264;35092
2017-10-13;224;26206
2017-10-14;222;22055
2017-10-15;290;36231
2017-10-16;248;19501
2017-10-17;200;16530
2017-10-18;208;17362
2017-10-19;185;15661
2017-10-20;229;17545
2017-10-21;268;15724
2017-10-22;261;16737
2017-10-23;231;14534
2017-10-24;186;16599
2017-10-25;191;15651
2017-10-26;222;17329
2017-10-27;268;17784
2017-10-28;285;16790
2017-10-29;249;17642
2017-10-30;227;18203
2017-10-31;219;16108
2017-11-01;216;24630
2017-11-02;185;27532
2017-11-03;211;21712
2017-11-04;229;17615
2017-11-05;244;26588
2017-11-06;212;15341
2017-11-07;208;15263
2017-11-08;182;15110
2017-11-09;215;16661
2017-11-10;273;16497
2017-11-11;301;16297
2017-11-12;236;17352
2017-11-13;211;17538
2017-11-14;230;17948
2017-11-15;199;23199
2017-11-16;210;17252
2017-11-17;217;18759
2017-11-18;332;13721
2017-11-19;308;17062
2017-11-20;259;15481
2017-11-21;213;15362
2017-11-22;210;13510
2017-11-23;213;14105
2017-11-24;240;16438
2017-11-25;283;16233
2017-11-26;270;17429
2017-11-27;231;15347
2017-11-28;190;16126
2017-11-29;206;16515
2017-11-30;219;15474
2017-12-01;322;15088
2017-12-02;299;17198
2017-12-03;264;18165
2017-12-04;268;15988
2017-12-05;187;16210
2017-12-06;233;16619
2017-12-07;236;17589
2017-12-08;302;18280
2017-12-09;313;17702
2017-12-10;298;18696
2017-12-11;216;17888
2017-12-12;213;15804
2017-12-13;210;16396
2017-12-14;244;17657
2017-12-15;275;17946
2017-12-16;343;19419
2017-12-17;312;19635
2017-12-18;255;17803
2017-12-19;234;18989
2017-12-20;246;18342
2017-12-21;320;19306
2017-12-22;393;24542
2017-12-23;449;23257
2017-12-24;320;15473
2017-12-25;279;16642
2017-12-26;257;22592
2017-12-27;264;23545
2017-12-28;230;21388
2017-12-29;270;23991
2017-12-30;351;21608
2017-12-31;187;17137
2018-01-01;222;19132
2018-01-02;253;22500
2018-01-03;215;20093
2018-01-04;244;20730
2018-01-05;253;19082
2018-01-06;275;19997
2018-01-07;229;20974
2018-01-08;241;15933
2018-01-09;186;19786
2018-01-10;206;18930
2018-01-11;200;19061
2018-01-12;232;20242
2018-01-13;251;16370
2018-01-14;278;21903
2018-01-15;214;19190
2018-01-16;167;21648
2018-01-17;171;20943
2018-01-18;213;18281
2018-01-19;244;19475
2018-01-20;234;19683
2018-01-21;270;19327
2018-01-22;208;17714
2018-01-23;190;17077
2018-01-24;164;17602
2018-01-25;191;19339
2018-01-26;230;19725
2018-01-27;239;19876
2018-01-28;240;19125
2018-01-29;247;15912
2018-01-30;200;16941
2018-01-31;213;18129
2018-02-01;228;20417
2018-02-02;232;18836
2018-02-03;264;16536
2018-02-04;229;18060
2018-02-05;213;14625
2018-02-06;195;15822
2018-02-07;195;19657
2018-02-08;199;20030
2018-02-09;312;34736
2018-02-10;324;36979
2018-02-11;252;26742
2018-02-12;187;23520
2018-02-13;244;33019
2018-02-14;201;37026
2018-02-15;175;18844
2018-02-16;188;18412
2018-02-17;192;19517
2018-02-18;204;17901
2018-02-19;224;16289
2018-02-20;188;17467
2018-02-21;207;17843
2018-02-22;214;18066
2018-02-23;213;17264
2018-02-24;229;17163
2018-02-25;243;18543
2018-02-26;204;15164
2018-02-27;202;15140
2018-02-28;212;16918
2018-03-01;188;14105
2018-03-02;230;17068
2018-03-03;244;14316
2018-03-04;238;14950
2018-03-05;182;15849
2018-03-06;196;15478
2018-03-07;201;15957
2018-03-08;202;17188
2018-03-09;232;19004
2018-03-10;267;15670
2018-03-11;240;18888
2018-03-12;200;18797
2018-03-13;174;17836
2018-03-14;193;15782
2018-03-15;205;16182
2018-03-16;259;16989
2018-03-17;229;16419
2018-03-18;222;16211
2018-03-19;189;15569
2018-03-20;195;15877
2018-03-21;187;14952
2018-03-22;182;14295
2018-03-23;240;15166
2018-03-24;255;16240
2018-03-25;243;16410
2018-03-26;216;14701
2018-03-27;194;15599
2018-03-28;204;17037
2018-03-29;263;31130
2018-03-30;197;31086
2018-03-31;187;17248
2018-04-01;231;33202
2018-04-02;199;17611
2018-04-03;159;17902
2018-04-04;154;14376
2018-04-05;163;17361
2018-04-06;202;19876
2018-04-07;233;17303
2018-04-08;210;18091
2018-04-09;174;18759
2018-04-10;155;18368
2018-04-11;136;18797
2018-04-12;170;17663
2018-04-13;218;17370
2018-04-14;224;17772
2018-04-15;240;16351
2018-04-16;165;15047
2018-04-17;162;15532
2018-04-18;140;18049
2018-04-19;152;16973
2018-04-20;186;18311
2018-04-21;212;16590
2018-04-22;218;17839
2018-04-23;177;15141
2018-04-24;151;14308
2018-04-25;151;16867
2018-04-26;162;18175
2018-04-27;205;31999
2018-04-28;199;29595
2018-04-29;194;32067
2018-04-30;156;31574
2018-05-01;177;40437
2018-05-02;181;19786
2018-05-03;160;20423
2018-05-04;202;24084
2018-05-05;179;24094
2018-05-06;202;25436
2018-05-07;183;20332
2018-05-08;170;20426
2018-05-09;168;19869
2018-05-10;158;21816
2018-05-11;218;21757
2018-05-12;194;24886
2018-05-13;217;24670
2018-05-14;174;25020
2018-05-15;147;24392
2018-05-16;156;25198
2018-05-17;152;23127
2018-05-18;172;23321
2018-05-19;204;20004
2018-05-20;198;27165
2018-05-21;120;19083
2018-05-22;125;16871
2018-05-23;133;17779
2018-05-24;108;16454
2018-05-25;99;15255
2018-05-26;81;13377
2018-05-27;94;12346
2018-05-28;93;12728
2018-05-29;72;13555
2018-05-30;115;15705
2018-05-31;128;30570
2018-06-01;153;25904
2018-06-02;208;24708
2018-06-03;200;30025
2018-06-04;155;20026
2018-06-05;142;21712
2018-06-06;178;20138
2018-06-07;179;22453
2018-06-08;213;26413
2018-06-09;224;27690
2018-06-10;239;27893
2018-06-11;187;23414
2018-06-12;181;21075
2018-06-13;180;23200
2018-06-14;161;22029
2018-06-15;197;22245
2018-06-16;191;22688
2018-06-17;208;25110
2018-06-18;174;21603
2018-06-19;145;21925
2018-06-20;165;19084
2018-06-21;152;23935
2018-06-22;174;20575
2018-06-23;202;20712
2018-06-24;210;21298
2018-06-25;209;21854
2018-06-26;140;20815
2018-06-27;172;18588
2018-06-28;177;22993
2018-06-29;191;21859
2018-06-30;222;20860
2018-07-01;185;23032
2018-07-02;147;19616
2018-07-03;159;21895
2018-07-04;155;18681
2018-07-05;162;22328
2018-07-06;233;20536
2018-07-07;222;23442
2018-07-08;174;24840
2018-07-09;159;20786
2018-07-10;155;15817
2018-07-11;151;20281
2018-07-12;138;20533
2018-07-13;202;22659
2018-07-14;225;22776
2018-07-15;181;25194
2018-07-16;163;20833
2018-07-17;159;20911
2018-07-18;156;21050
2018-07-19;159;20406
2018-07-20;204;21684
2018-07-21;187;22898
2018-07-22;206;25033
2018-07-23;146;22316
2018-07-24;152;19684
2018-07-25;139;19662
2018-07-26;148;21984
2018-07-27;173;22639
2018-07-28;193;21750
2018-07-29;193;23595
2018-07-30;169;18383
2018-07-31;189;20746
2018-08-01;148;18337
2018-08-02;181;17601
2018-08-03;188;17337
2018-08-04;204;20717
2018-08-05;189;23399
2018-08-06;163;18797
2018-08-07;152;17941
2018-08-08;154;18576
2018-08-09;134;21068
2018-08-10;195;22178
2018-08-11;216;21048
2018-08-12;212;22714
2018-08-13;169;21115
2018-08-14;170;21646
2018-08-15;146;20385
2018-08-16;153;21225
2018-08-17;228;22514
2018-08-18;187;21624
2018-08-19;215;23090
2018-08-20;156;18668
2018-08-21;146;18476
2018-08-22;159;18171
2018-08-23;146;21873
2018-08-24;187;21936
2018-08-25;173;20172
2018-08-26;207;21465
2018-08-27;172;19504
2018-08-28;139;18350
2018-08-29;145;17378
2018-08-30;174;18967
2018-08-31;178;18570
2018-09-01;212;18845
2018-09-02;211;18971
2018-09-03;190;16652
2018-09-04;168;17912
2018-09-05;174;18130
2018-09-06;197;33486
2018-09-07;226;34429
2018-09-08;173;24521
2018-09-09;266;33383
2018-09-10;158;19570
2018-09-11;167;17504
2018-09-12;170;18224
2018-09-13;162;17552
2018-09-14;194;17020
2018-09-15;206;18589
2018-09-16;201;19162
2018-09-17;171;16827
2018-09-18;151;19155
2018-09-19;157;18028
2018-09-20;155;17006
2018-09-21;164;19774
2018-09-22;205;18556
2018-09-23;192;18327
2018-09-24;141;18553
2018-09-25;159;14622
2018-09-26;143;14003
2018-09-27;127;13666
2018-09-28;170;16257
2018-09-29;184;15550
2018-09-30;182;16870
2018-10-01;132;16185
2018-10-02;147;15493
2018-10-03;149;17232
2018-10-04;162;17985
2018-10-05;185;16769
2018-10-06;220;18275
2018-10-07;228;17766
2018-10-08;140;15587
2018-10-09;169;16587
2018-10-10;165;17015
2018-10-11;198;27676
2018-10-12;200;30251
2018-10-13;182;19941
2018-10-14;210;28730
2018-10-15;188;16801
2018-10-16;152;17536
2018-10-17;152;16852
2018-10-18;141;15705
2018-10-19;165;17470
2018-10-20;186;17046
2018-10-21;192;16550
2018-10-22;167;16156
2018-10-23;149;16503
2018-10-24;164;15307
2018-10-25;184;13890
2018-10-26;177;16599
2018-10-27;188;17399
2018-10-28;167;18270
2018-10-29;151;16091
2018-10-30;136;15922
2018-10-31;166;14886
2018-11-01;170;26920
2018-11-02;161;28319
2018-11-03;161;21909
2018-11-04;209;25094
2018-11-05;168;14954
2018-11-06;145;16582
2018-11-07;133;16705
2018-11-08;192;14894
2018-11-09;219;15139
2018-11-10;214;18373
2018-11-11;189;19308
2018-11-12;160;19328
2018-11-13;140;13194
2018-11-14;206;21420
2018-11-15;189;28761
2018-11-16;156;23171
2018-11-17;156;21368
2018-11-18;237;26614
2018-11-19;177;13582
2018-11-20;166;14145
2018-11-21;119;14919
2018-11-22;152;15837
2018-11-23;198;17697
2018-11-24;169;14903
2018-11-25;82;16661
2018-11-26;74;16530
2018-11-27;45;17792
2018-11-28;37;15902
2018-11-29;77;14926
2018-11-30;59;18122
2018-12-01;82;15111
2018-12-02;34;16912
2018-12-03;62;15195
2018-12-04;27;15949
2018-12-05;40;16372
2018-12-06;29;15893
2018-12-07;26;17726
2018-12-08;63;16418
2018-12-09;53;18405
2018-12-10;78;16798
2018-12-11;28;15733
2018-12-12;62;17672
2018-12-13;45;17036
2018-12-14;65;22806
2018-12-15;78;22886
2018-12-16;27;24826
2018-12-17;60;21241
2018-12-18;23;19765
2018-12-19;28;22448
2018-12-20;61;27020
2018-12-21;53;33390
2018-12-22;82;42353
2018-12-23;97;32709
2018-12-24;44;23855
2018-12-25;47;26465
2018-12-26;36;29657
2018-12-27;28;25941
2018-12-28;35;38480
2018-12-29;26;38094
2018-12-30;29;34117
2018-12-31;24;26452
